,summary,name
0,{'_wandb': {'runtime': 19}},unimatch_v2_wandb_gradient_dino_small
1,{'_wandb': {'runtime': 17}},unimatch_v2_wandb_gradient_dino_small
2,{},unimatch_v2_wandb_gradient_dino_small
3,{'_wandb': {'runtime': 17}},unimatch_v2_wandb_gradient_dino_base
4,"{'_runtime': 174917.662655779, '_step': 157379, '_timestamp': 1738352139.9999614, '_wandb': {'runtime': 174918}, 'eval/mIoU': 84.0862100141941, 'eval/mIoU_ema': 84.08052081213373, 'train/loss_all': 0.040667708963155746, 'train/loss_s': 0.1571933925151825, 'train/loss_x': 0.002533180406317115, 'train/loss_x_gradient': 0.0003742446133401245, 'train/loss_x_norm': 0.002570020267739892, 'train/mask_ratio': 0.9868283867836}",unimatch_v2_wandb_wo_FA_normloss_gradient_dino_small
5,"{'_runtime': 174209.322039828, '_step': 157379, '_timestamp': 1738351439.5703511, '_wandb': {'runtime': 174210}, 'eval/mIoU': 77.73310967126423, 'eval/mIoU_ema': 77.73048595909248, 'train/loss_all': 0.010139060206711292, 'train/loss_s': 0.02921537309885025, 'train/loss_x': 0.008777862414717674, 'train/loss_x_gradient': 0.0002411790192127228, 'train/loss_x_norm': 0.0023218272253870964, 'train/mask_ratio': 0.98844712972641}",unimatch_v2_wandb_wo_FA_normloss_gradient_dino_small
6,"{'_runtime': 173859.224693485, '_step': 157379, '_timestamp': 1738351090.930335, '_wandb': {'runtime': 173860}, 'eval/mIoU': 84.0270133377094, 'eval/mIoU_ema': 84.02134484324797, 'train/loss_all': 0.02678743936121464, 'train/loss_s': 0.10065832734107973, 'train/loss_x': 0.0034534833393990993, 'train/loss_x_gradient': 0.0004306202754378319, 'train/loss_x_norm': 0.002607326488941908, 'train/mask_ratio': 0.9863559007644652}",unimatch_v2_wandb_wo_FA_normloss_gradient_dino_small
7,"{'_runtime': 175458.586070587, '_step': 157379, '_timestamp': 1738352700.1683269, '_wandb': {'runtime': 175459}, 'eval/mIoU': 84.38364242373162, 'eval/mIoU_ema': 84.3843241011937, 'train/loss_all': 0.010505723766982555, 'train/loss_s': 0.02752735465764999, 'train/loss_x': 0.0033217519521713257, 'train/loss_x_gradient': 0.0006680645747110248, 'train/mask_ratio': 0.985724687576294}",unimatch_v2_wandb_gradient_dino_small
8,"{'_runtime': 176930.181645843, '_step': 157379, '_timestamp': 1738354176.904387, '_wandb': {'runtime': 176931}, 'eval/mIoU': 83.41564515246829, 'eval/mIoU_ema': 83.41490390089736, 'train/loss_all': 0.017845479771494865, 'train/loss_s': 0.06625440716743469, 'train/loss_x': 0.0018788076704367995, 'train/loss_x_gradient': 0.0005418767686933279, 'train/loss_x_norm': 0.002706830622628331, 'train/mask_ratio': 0.9779974818229676}",unimatch_v2_wandb_wo_FA_normloss_gradient_dino_small
9,"{'_runtime': 173919.05403431, '_step': 157379, '_timestamp': 1738351168.078404, '_wandb': {'runtime': 173920}, 'eval/mIoU': 77.44659246989151, 'eval/mIoU_ema': 77.4433364996414, 'train/loss_all': 0.01226725336164236, 'train/loss_s': 0.03316415846347809, 'train/loss_x': 0.0033271515276283026, 'train/loss_x_gradient': 0.0003104505594819784, 'train/mask_ratio': 0.971718966960907}",unimatch_v2_wandb_gradient_dino_small
10,"{'_runtime': 172913.326520128, '_step': 157379, '_timestamp': 1738350162.734604, '_wandb': {'runtime': 172914}, 'eval/mIoU': 83.05928662963107, 'eval/mIoU_ema': 83.0539178490256, 'train/loss_all': 0.012971846386790276, 'train/loss_s': 0.03545228764414787, 'train/loss_x': 0.0026104142889380455, 'train/loss_x_gradient': 0.0008528345497325063, 'train/mask_ratio': 0.9842793345451356}",unimatch_v2_wandb_gradient_dino_small
11,"{'_runtime': 167240.577714232, '_step': 157379, '_timestamp': 1738344490.8367827, '_wandb': {'runtime': 167241}, 'eval/mIoU': 81.61762735418657, 'eval/mIoU_ema': 81.61983642701567, 'train/loss_all': 0.04549180343747139, 'train/loss_s': 0.17634356021881104, 'train/loss_x': 0.002051351359114051, 'train/loss_x_gradient': 0.0008116921526379883, 'train/loss_x_norm': 0.002760611241683364, 'train/mask_ratio': 0.9516682028770448}",unimatch_v2_wandb_wo_FA_normloss_gradient_dino_small
12,"{'_runtime': 175622.037481125, '_step': 157379, '_timestamp': 1738352874.060833, '_wandb': {'runtime': 175622}, 'eval/mIoU': 81.45690676889878, 'eval/mIoU_ema': 81.44933144538678, 'train/loss_all': 0.009976373054087162, 'train/loss_s': 0.0337153896689415, 'train/loss_x': 0.002580170752480626, 'train/loss_x_gradient': 0.0008520646952092648, 'train/loss_x_norm': 0.0027578677982091904, 'train/mask_ratio': 0.9749399423599244}",unimatch_v2_wandb_normloss_gradient_dino_small
13,"{'_runtime': 178448.644463999, '_step': 157379, '_timestamp': 1738355701.5830684, '_wandb': {'runtime': 178449}, 'eval/mIoU': 82.10668012858578, 'eval/mIoU_ema': 82.10742919924986, 'train/loss_all': 0.026656517758965492, 'train/loss_s': 0.10059868544340134, 'train/loss_x': 0.002945118583738804, 'train/loss_x_gradient': 0.0004252916551195085, 'train/loss_x_norm': 0.002656974596902728, 'train/mask_ratio': 0.9706659913063048}",unimatch_v2_wandb_normloss_gradient_dino_small
14,"{'_runtime': 173889.50960367, '_step': 157379, '_timestamp': 1738351148.4877434, '_wandb': {'runtime': 173890}, 'eval/mIoU': 83.13713716216664, 'eval/mIoU_ema': 83.13386844667316, 'train/loss_all': 0.011224322021007538, 'train/loss_s': 0.03888039290904999, 'train/loss_x': 0.0026847284752875566, 'train/loss_x_gradient': 0.000626428984105587, 'train/loss_x_norm': 0.002705739112570882, 'train/mask_ratio': 0.9818676114082336}",unimatch_v2_wandb_normloss_gradient_dino_small
15,{'_wandb': {'runtime': 15}},unimatch_v2_wandb_gradient_dino_small
16,"{'_runtime': 130867.277467214, '_step': 157379, '_timestamp': 1738308131.6418142, '_wandb': {'runtime': 130868}, 'eval/mIoU': 81.5061062178128, 'eval/mIoU_ema': 81.49672811754854, 'train/loss_all': 0.00903446227312088, 'train/loss_s': 0.02240656688809395, 'train/loss_x': 0.00210823817178607, 'train/loss_x_norm': 0.0025885826908051968, 'train/mask_ratio': 0.9782688021659852}",unimatch_v2_wandb_normloss_dino_small
17,"{'_runtime': 175546.5841772, '_step': 157379, '_timestamp': 1738352814.3087575, '_wandb': {'runtime': 175547}, 'eval/mIoU': 77.88941710913018, 'eval/mIoU_ema': 77.8886950685662, 'train/loss_all': 0.0071218786761164665, 'train/loss_s': 0.022638482972979546, 'train/loss_x': 0.0027559567242860794, 'train/loss_x_gradient': 0.00046789119369350374, 'train/loss_x_norm': 0.002625183667987585, 'train/mask_ratio': 0.9690572023391724}",unimatch_v2_wandb_normloss_gradient_dino_small
18,"{'_runtime': 128551.083863302, '_step': 157379, '_timestamp': 1738305823.7301762, '_wandb': {'runtime': 128552}, 'eval/mIoU': 75.42850321066685, 'eval/mIoU_ema': 75.42883427861013, 'train/loss_all': 0.150192528963089, 'train/loss_s': 0.4458454251289368, 'train/loss_x': 0.0021212224382907152, 'train/loss_x_norm': 0.002610902301967144, 'train/mask_ratio': 0.6923037171363831}",unimatch_v2_wandb_normloss_dino_small
19,"{'_runtime': 133510.425529434, '_step': 157379, '_timestamp': 1738310787.9257834, '_wandb': {'runtime': 133511}, 'eval/mIoU': 84.14972126204486, 'eval/mIoU_ema': 84.15280418639229, 'train/loss_all': 0.04216530919075012, 'train/loss_s': 0.12172476947307588, 'train/loss_x': 0.002156375674530864, 'train/loss_x_norm': 0.002614777535200119, 'train/mask_ratio': 0.971699357032776}",unimatch_v2_wandb_normloss_dino_small
20,"{'_runtime': 128269.540163795, '_step': 157379, '_timestamp': 1738305548.2114272, '_wandb': {'runtime': 128270}, 'eval/mIoU': 81.71367354408378, 'eval/mIoU_ema': 81.71622384013881, 'train/loss_all': 0.021664615720510483, 'train/loss_s': 0.06008843705058098, 'train/loss_x': 0.002316724509000778, 'train/loss_x_norm': 0.002588685601949692, 'train/mask_ratio': 0.985448956489563}",unimatch_v2_wandb_normloss_dino_small
21,"{'_runtime': 172026.001125874, '_step': 157379, '_timestamp': 1738349309.071493, '_wandb': {'runtime': 172026}, 'eval/mIoU': 83.22592087504756, 'eval/mIoU_ema': 83.22974761061134, 'train/loss_all': 0.008075634948909283, 'train/loss_s': 0.019911043345928192, 'train/loss_x': 0.003919690381735563, 'train/loss_x_gradient': 0.0003961711772717535, 'train/mask_ratio': 0.9796066284179688}",unimatch_v2_wandb_wo_FA_gradient_dino_small
22,"{'_runtime': 171590.449967516, '_step': 157379, '_timestamp': 1738348873.912309, '_wandb': {'runtime': 171591}, 'eval/mIoU': 83.47971967181722, 'eval/mIoU_ema': 83.47355362522299, 'train/loss_all': 0.04026776924729347, 'train/loss_s': 0.153797447681427, 'train/loss_x': 0.004480576608330011, 'train/loss_x_gradient': 0.0003073070547543466, 'train/loss_x_norm': 0.0024857409298419952, 'train/mask_ratio': 0.9736691117286682}",unimatch_v2_wandb_normloss_gradient_dino_small
23,"{'_runtime': 170522.620414129, '_step': 157379, '_timestamp': 1738347809.03198, '_wandb': {'runtime': 170523}, 'eval/mIoU': 81.77077691954358, 'eval/mIoU_ema': 81.76660811279221, 'train/loss_all': 0.04387732595205307, 'train/loss_s': 0.12909115850925446, 'train/loss_x': 0.001929584424942732, 'train/loss_x_gradient': 0.0006112207192927599, 'train/mask_ratio': 0.9476548433303832}",unimatch_v2_wandb_wo_FA_gradient_dino_small
24,"{'_runtime': 170240.144935912, '_step': 157379, '_timestamp': 1738347529.3657684, '_wandb': {'runtime': 170241}, 'eval/mIoU': 76.5710392845504, 'eval/mIoU_ema': 76.56215828643253, 'train/loss_all': 0.007641022093594074, 'train/loss_s': 0.019732361659407616, 'train/loss_x': 0.00274056289345026, 'train/loss_x_gradient': 0.0004501412622630596, 'train/mask_ratio': 0.988370716571808}",unimatch_v2_wandb_wo_FA_gradient_dino_small
25,"{'_runtime': 177892.830166993, '_step': 157379, '_timestamp': 1738355185.40523, '_wandb': {'runtime': 177893}, 'eval/mIoU': 74.32615756298281, 'eval/mIoU_ema': 74.31626668322312, 'train/loss_all': 0.05232910439372063, 'train/loss_s': 0.15174220502376556, 'train/loss_x': 0.0049496786668896675, 'train/loss_x_gradient': 0.000295426812954247, 'train/mask_ratio': 0.9336318969726562}",unimatch_v2_wandb_wo_FA_gradient_dino_small
26,"{'_runtime': 128659.02597243, '_step': 157379, '_timestamp': 1738305953.2155075, '_wandb': {'runtime': 128659}, 'eval/mIoU': 81.9089706599933, 'eval/mIoU_ema': 81.8998059209473, 'train/loss_all': 0.02191983163356781, 'train/loss_s': 0.060110121965408325, 'train/loss_x': 0.003009120700880885, 'train/loss_x_norm': 0.0026402547955513, 'train/mask_ratio': 0.9241733551025392}",unimatch_v2_wandb_wo_FA_normloss_dino_small
27,"{'_runtime': 128568.841059975, '_step': 157379, '_timestamp': 1738305866.869291, '_wandb': {'runtime': 128569}, 'eval/mIoU': 83.19707668308759, 'eval/mIoU_ema': 83.2029470325477, 'train/loss_all': 0.043887339532375336, 'train/loss_s': 0.12582285702228546, 'train/loss_x': 0.0033795463386923075, 'train/loss_x_norm': 0.0024596129078418016, 'train/mask_ratio': 0.9719151854515076}",unimatch_v2_wandb_wo_FA_normloss_dino_small
28,"{'_runtime': 130057.541402651, '_step': 157379, '_timestamp': 1738307356.7930875, '_wandb': {'runtime': 130058}, 'eval/mIoU': 74.35968238192264, 'eval/mIoU_ema': 74.35911166362655, 'train/loss_all': 0.03780458867549896, 'train/loss_s': 0.10623906552791595, 'train/loss_x': 0.004674038849771023, 'train/loss_x_norm': 0.0025006532669067383, 'train/mask_ratio': 0.9818425178527832}",unimatch_v2_wandb_wo_FA_normloss_dino_small
29,"{'_runtime': 172469.201790843, '_step': 157379, '_timestamp': 1738349767.9788818, '_wandb': {'runtime': 172470}, 'eval/mIoU': 84.48374592827456, 'eval/mIoU_ema': 84.48696595309809, 'train/loss_all': 0.02466355264186859, 'train/loss_s': 0.07128798961639404, 'train/loss_x': 0.00224173441529274, 'train/loss_x_gradient': 0.0004609327297657728, 'train/mask_ratio': 0.9754077196121216}",unimatch_v2_wandb_wo_FA_gradient_dino_small
30,"{'_runtime': 127667.862264982, '_step': 157379, '_timestamp': 1738304969.1983976, '_wandb': {'runtime': 127668}, 'eval/mIoU': 75.94370203975558, 'eval/mIoU_ema': 75.9446117045708, 'train/loss_all': 0.060185909271240234, 'train/loss_s': 0.17625173926353457, 'train/loss_x': 0.001808243221603334, 'train/loss_x_norm': 0.0024977424181997776, 'train/mask_ratio': 0.9724031090736388}",unimatch_v2_wandb_wo_FA_normloss_dino_small
31,"{'_runtime': 125768.602187104, '_step': 157379, '_timestamp': 1738303073.4563763, '_wandb': {'runtime': 125769}, 'eval/mIoU': 83.51999179198813, 'eval/mIoU_ema': 83.51878217314066, 'train/loss_all': 0.02936101332306862, 'train/loss_s': 0.056810781359672546, 'train/loss_x': 0.001911243540234864, 'train/mask_ratio': 0.9839421510696412}",unimatch_v2_wandb_wo_FA_dino_small
32,"{'_runtime': 128203.154043955, '_step': 157379, '_timestamp': 1738305512.005137, '_wandb': {'runtime': 128204}, 'eval/mIoU': 83.2904524491881, 'eval/mIoU_ema': 83.28650383292191, 'train/loss_all': 0.028993701562285423, 'train/loss_s': 0.05489706993103027, 'train/loss_x': 0.0030903336592018604, 'train/mask_ratio': 0.9894267320632936}",unimatch_v2_wandb_wo_FA_dino_small
33,"{'_runtime': 127496.835244934, '_step': 157379, '_timestamp': 1738304817.2999632, '_wandb': {'runtime': 127498}, 'eval/mIoU': 76.28022350368235, 'eval/mIoU_ema': 76.27730413003034, 'train/loss_all': 0.03924783691763878, 'train/loss_s': 0.0757405236363411, 'train/loss_x': 0.002755152527242899, 'train/mask_ratio': 0.976826786994934}",unimatch_v2_wandb_dino_small
34,"{'_runtime': 128263.867553941, '_step': 157379, '_timestamp': 1738305584.3729243, '_wandb': {'runtime': 128265}, 'eval/mIoU': 83.864756150786, 'eval/mIoU_ema': 83.8647137850857, 'train/loss_all': 0.01592322066426277, 'train/loss_s': 0.029257848858833313, 'train/loss_x': 0.002588593168184161, 'train/mask_ratio': 0.941297173500061}",unimatch_v2_wandb_wo_FA_dino_small
35,"{'_runtime': 133629.6609363, '_step': 157379, '_timestamp': 1738310950.418168, '_wandb': {'runtime': 133630}, 'eval/mIoU': 81.6308720323929, 'eval/mIoU_ema': 81.63021072746099, 'train/loss_all': 0.016022082418203354, 'train/loss_s': 0.03011498227715492, 'train/loss_x': 0.0019291836069896815, 'train/mask_ratio': 0.98483145236969}",unimatch_v2_wandb_wo_FA_dino_small
36,"{'_runtime': 129518.916162264, '_step': 157379, '_timestamp': 1738306841.5418804, '_wandb': {'runtime': 129519}, 'eval/mIoU': 82.67756773763544, 'eval/mIoU_ema': 82.67531226396012, 'train/loss_all': 0.05288701131939888, 'train/loss_s': 0.10345432162284852, 'train/loss_x': 0.0023196993861347437, 'train/mask_ratio': 0.9734764099121094}",unimatch_v2_wandb_dino_small
37,"{'_runtime': 127161.996867096, '_step': 157379, '_timestamp': 1738304485.631909, '_wandb': {'runtime': 127162}, 'eval/mIoU': 83.9554397735738, 'eval/mIoU_ema': 83.95124068575639, 'train/loss_all': 0.023503223434090614, 'train/loss_s': 0.04446038603782654, 'train/loss_x': 0.0025460596662014723, 'train/mask_ratio': 0.98735111951828}",unimatch_v2_wandb_dino_small
38,{},unimatch_v2_wandb_gradient_dino_small
39,"{'_runtime': 175756.230067742, '_step': 157379, '_timestamp': 1738353093.4285712, '_wandb': {'runtime': 175757}, 'eval/mIoU': 83.84598969243886, 'eval/mIoU_ema': 83.84737259338925, 'train/loss_all': 0.010328762233257294, 'train/loss_s': 0.03479763865470886, 'train/loss_x': 0.003393651684746146, 'train/loss_x_gradient': 0.0005126281175762415, 'train/loss_x_norm': 0.0026111328043043613, 'train/mask_ratio': 0.9836030006408693}",unimatch_v2_wandb_wo_FA_normloss_gradient_dino_base
40,"{'_runtime': 130269.487053152, '_step': 157379, '_timestamp': 1738307608.5799878, '_wandb': {'runtime': 130270}, 'eval/mIoU': 81.29875313424147, 'eval/mIoU_ema': 81.28838060463784, 'train/loss_all': 0.0190961305052042, 'train/loss_s': 0.03470335900783539, 'train/loss_x': 0.0034889006055891514, 'train/mask_ratio': 0.9625016450881958}",unimatch_v2_wandb_dino_small
41,"{'_runtime': 175897.375565666, '_step': 157379, '_timestamp': 1738353240.201055, '_wandb': {'runtime': 175898}, 'eval/mIoU': 84.43728996348669, 'eval/mIoU_ema': 84.43730365064383, 'train/loss_all': 0.02561955153942108, 'train/loss_s': 0.0967279002070427, 'train/loss_x': 0.00258337939158082, 'train/loss_x_gradient': 0.0005111786886118352, 'train/loss_x_norm': 0.0026557459495961666, 'train/mask_ratio': 0.9521815776824952}",unimatch_v2_wandb_wo_FA_normloss_gradient_dino_base
42,"{'_runtime': 174790.478086319, '_step': 157379, '_timestamp': 1738352134.916093, '_wandb': {'runtime': 174791}, 'eval/mIoU': 84.15402909545327, 'eval/mIoU_ema': 84.15986485487336, 'train/loss_all': 0.011887362226843834, 'train/loss_s': 0.04152414947748184, 'train/loss_x': 0.0028766326140612364, 'train/loss_x_gradient': 0.0005667720688506961, 'train/loss_x_norm': 0.0025818925350904465, 'train/mask_ratio': 0.9695845246315002}",unimatch_v2_wandb_wo_FA_normloss_gradient_dino_base
43,"{'_runtime': 176254.285335962, '_step': 157379, '_timestamp': 1738353599.6891627, '_wandb': {'runtime': 176255}, 'eval/mIoU': 81.23773279445592, 'eval/mIoU_ema': 81.23126670156155, 'train/loss_all': 0.008350112475454807, 'train/loss_s': 0.02729637548327446, 'train/loss_x': 0.0029295613057911396, 'train/loss_x_gradient': 0.0005581782897934318, 'train/loss_x_norm': 0.002616336103528738, 'train/mask_ratio': 0.925865650177002}",unimatch_v2_wandb_wo_FA_normloss_gradient_dino_base
44,"{'_runtime': 179546.708822179, '_step': 157379, '_timestamp': 1738356894.3956676, '_wandb': {'runtime': 179547}, 'eval/mIoU': 77.14031788937889, 'eval/mIoU_ema': 77.14396238594492, 'train/loss_all': 0.006124798208475113, 'train/loss_s': 0.01811610907316208, 'train/loss_x': 0.0034276724327355623, 'train/loss_x_gradient': 0.0004359668237157166, 'train/loss_x_norm': 0.0025194452609866858, 'train/mask_ratio': 0.985086977481842}",unimatch_v2_wandb_wo_FA_normloss_gradient_dino_base
45,"{'_runtime': 129328.717451849, '_step': 157379, '_timestamp': 1738306678.4678106, '_wandb': {'runtime': 129329}, 'eval/mIoU': 83.5557793450962, 'eval/mIoU_ema': 83.54092747193695, 'train/loss_all': 0.02184654027223587, 'train/loss_s': 0.037832047790288925, 'train/loss_x': 0.00586103368550539, 'train/mask_ratio': 0.9094813466072084}",unimatch_v2_wandb_dino_small
46,"{'_runtime': 178746.480017405, '_step': 157379, '_timestamp': 1738356108.5748444, '_wandb': {'runtime': 178747}, 'eval/mIoU': 83.39317946458976, 'eval/mIoU_ema': 83.38812737697583, 'train/loss_all': 0.01312500610947609, 'train/loss_s': 0.03642359375953674, 'train/loss_x': 0.0023167214822024107, 'train/loss_x_gradient': 0.000634704134427011, 'train/mask_ratio': 0.97406405210495}",unimatch_v2_wandb_gradient_dino_base
47,"{'_runtime': 169689.732632826, '_step': 157379, '_timestamp': 1738347053.1257522, '_wandb': {'runtime': 169690}, 'eval/mIoU': 79.48499229787019, 'eval/mIoU_ema': 79.48886602625288, 'train/loss_all': 0.016318732872605324, 'train/loss_s': 0.04596591740846634, 'train/loss_x': 0.0024459296837449074, 'train/loss_x_gradient': 0.0005443497793748975, 'train/mask_ratio': 0.980158269405365}",unimatch_v2_wandb_gradient_dino_base
48,"{'_runtime': 176317.020029579, '_step': 157379, '_timestamp': 1738353683.247015, '_wandb': {'runtime': 176318}, 'eval/mIoU': 80.92413516705518, 'eval/mIoU_ema': 80.9231663733593, 'train/loss_all': 0.04330809786915779, 'train/loss_s': 0.16675300896167755, 'train/loss_x': 0.003071817569434643, 'train/loss_x_gradient': 0.0007305787294171751, 'train/loss_x_norm': 0.002676991978660226, 'train/mask_ratio': 0.9866179823875428}",unimatch_v2_wandb_normloss_gradient_dino_base
49,"{'_runtime': 174533.787894285, '_step': 157379, '_timestamp': 1738351901.1779222, '_wandb': {'runtime': 174534}, 'eval/mIoU': 82.82437116550626, 'eval/mIoU_ema': 82.82371702383173, 'train/loss_all': 0.03678199648857117, 'train/loss_s': 0.10467459261417388, 'train/loss_x': 0.005002488847821951, 'train/loss_x_gradient': 0.0006689050933346152, 'train/mask_ratio': 0.9729520082473756}",unimatch_v2_wandb_gradient_dino_base
50,"{'_runtime': 177512.162905371, '_step': 157379, '_timestamp': 1738354881.407819, '_wandb': {'runtime': 177513}, 'eval/mIoU': 83.74955058195128, 'eval/mIoU_ema': 83.74137522187746, 'train/loss_all': 0.004040969535708427, 'train/loss_s': 0.007851984351873398, 'train/loss_x': 0.003783903317525983, 'train/loss_x_gradient': 0.00048701977357268333, 'train/mask_ratio': 0.9035740494728088}",unimatch_v2_wandb_gradient_dino_base
51,"{'_runtime': 173484.987136869, '_step': 157379, '_timestamp': 1738350859.0970492, '_wandb': {'runtime': 173485}, 'eval/mIoU': 76.31602688593908, 'eval/mIoU_ema': 76.32429884542289, 'train/loss_all': 0.014748253859579563, 'train/loss_s': 0.052548639476299286, 'train/loss_x': 0.0032191507052630186, 'train/loss_x_gradient': 0.0006409842753782868, 'train/loss_x_norm': 0.0025842394679784775, 'train/mask_ratio': 0.9743525981903076}",unimatch_v2_wandb_normloss_gradient_dino_base
52,"{'_runtime': 176711.675829257, '_step': 157379, '_timestamp': 1738354087.010482, '_wandb': {'runtime': 176712}, 'eval/mIoU': 83.35965289597078, 'eval/mIoU_ema': 83.35948279421419, 'train/loss_all': 0.006863321177661419, 'train/loss_s': 0.01687769964337349, 'train/loss_x': 0.003078299341723323, 'train/loss_x_gradient': 0.0006339629180729389, 'train/mask_ratio': 0.9260991215705872}",unimatch_v2_wandb_gradient_dino_base
53,"{'_runtime': 128870.791548032, '_step': 157379, '_timestamp': 1738306247.440206, '_wandb': {'runtime': 128871}, 'eval/mIoU': 83.3988607477459, 'eval/mIoU_ema': 83.39759179149917, 'train/loss_all': 0.025217004120349884, 'train/loss_s': 0.06825719773769379, 'train/loss_x': 0.0049760909751057625, 'train/loss_x_norm': 0.0024177213199436665, 'train/mask_ratio': 0.984122097492218}",unimatch_v2_wandb_normloss_dino_small
54,"{'_runtime': 171444.318429505, '_step': 157379, '_timestamp': 1738348823.487609, '_wandb': {'runtime': 171445}, 'eval/mIoU': 83.14401427503665, 'eval/mIoU_ema': 83.14864073519095, 'train/loss_all': 0.007313504349440336, 'train/loss_s': 0.02232514880597591, 'train/loss_x': 0.004030260723084211, 'train/loss_x_gradient': 0.0003768003371078521, 'train/loss_x_norm': 0.0025218073278665543, 'train/mask_ratio': 0.9711468815803528}",unimatch_v2_wandb_normloss_gradient_dino_base
55,"{'_runtime': 175139.871068921, '_step': 157379, '_timestamp': 1738352519.4838817, '_wandb': {'runtime': 175140}, 'eval/mIoU': 80.67415216169901, 'eval/mIoU_ema': 80.66947525816605, 'train/loss_all': 0.014681940898299215, 'train/loss_s': 0.052457600831985474, 'train/loss_x': 0.003149894531816244, 'train/loss_x_gradient': 0.00042801996460184455, 'train/loss_x_norm': 0.0026922463439404964, 'train/mask_ratio': 0.9793955087661744}",unimatch_v2_wandb_normloss_gradient_dino_base
56,"{'_runtime': 129532.90272711, '_step': 157379, '_timestamp': 1738306919.0604048, '_wandb': {'runtime': 129533}, 'eval/mIoU': 76.03494179990128, 'eval/mIoU_ema': 76.02099143327871, 'train/loss_all': 0.0119074834510684, 'train/loss_s': 0.03027464635670185, 'train/loss_x': 0.002904309891164303, 'train/loss_x_norm': 0.002543493872508406, 'train/mask_ratio': 0.9881882071495056}",unimatch_v2_wandb_normloss_dino_base
57,"{'_runtime': 132894.551239587, '_step': 157379, '_timestamp': 1738310283.3965302, '_wandb': {'runtime': 132895}, 'eval/mIoU': 83.05883960013182, 'eval/mIoU_ema': 83.05037463069682, 'train/loss_all': 0.06284534931182861, 'train/loss_s': 0.18281976878643036, 'train/loss_x': 0.003201903309673071, 'train/loss_x_norm': 0.002514359075576067, 'train/mask_ratio': 0.9784504771232604}",unimatch_v2_wandb_normloss_dino_base
58,"{'_runtime': 172043.856839421, '_step': 157379, '_timestamp': 1738349446.0525832, '_wandb': {'runtime': 172044}, 'eval/mIoU': 81.95586449959357, 'eval/mIoU_ema': 81.94905300227431, 'train/loss_all': 0.013962192460894585, 'train/loss_s': 0.038505397737026215, 'train/loss_x': 0.0027182637713849545, 'train/loss_x_gradient': 0.000662914477288723, 'train/mask_ratio': 0.9805927872657776}",unimatch_v2_wandb_wo_FA_gradient_dino_base
59,"{'_runtime': 127667.21685934, '_step': 157379, '_timestamp': 1738305075.3244877, '_wandb': {'runtime': 127668}, 'eval/mIoU': 84.03398064587904, 'eval/mIoU_ema': 84.02825202201727, 'train/loss_all': 0.007189640309661627, 'train/loss_s': 0.01591252163052559, 'train/loss_x': 0.0032388491090387106, 'train/loss_x_norm': 0.0024175492580980062, 'train/mask_ratio': 0.9747807383537292}",unimatch_v2_wandb_normloss_dino_base
60,"{'_runtime': 132156.932290698, '_step': 157379, '_timestamp': 1738309565.147043, '_wandb': {'runtime': 132157}, 'eval/mIoU': 82.72554648471477, 'eval/mIoU_ema': 82.7203974886106, 'train/loss_all': 0.018593046814203262, 'train/loss_s': 0.04940108209848404, 'train/loss_x': 0.0039574988186359406, 'train/loss_x_norm': 0.002420556265860796, 'train/mask_ratio': 0.9756112694740297}",unimatch_v2_wandb_normloss_dino_base
61,"{'_runtime': 125244.309596747, '_step': 157379, '_timestamp': 1738302654.2478418, '_wandb': {'runtime': 125245}, 'eval/mIoU': 83.00903540967674, 'eval/mIoU_ema': 83.00901054300141, 'train/loss_all': 0.016164928674697876, 'train/loss_s': 0.0442022942006588, 'train/loss_x': 0.0017117816023528576, 'train/loss_x_norm': 0.0025807064957916737, 'train/mask_ratio': 0.9813753962516784}",unimatch_v2_wandb_wo_FA_normloss_dino_base
62,"{'_runtime': 177131.530812185, '_step': 157379, '_timestamp': 1738354540.922778, '_wandb': {'runtime': 177132}, 'eval/mIoU': 82.06482275542751, 'eval/mIoU_ema': 82.0654732216103, 'train/loss_all': 0.018401961773633957, 'train/loss_s': 0.05019550770521164, 'train/loss_x': 0.004538745153695345, 'train/loss_x_gradient': 0.0004716290277428925, 'train/mask_ratio': 0.9532900452613832}",unimatch_v2_wandb_wo_FA_gradient_dino_base
63,"{'_runtime': 177292.418117566, '_step': 157379, '_timestamp': 1738354710.793627, '_wandb': {'runtime': 177293}, 'eval/mIoU': 81.54759010606972, 'eval/mIoU_ema': 81.54583806398328, 'train/loss_all': 0.004732191562652588, 'train/loss_s': 0.011129708029329777, 'train/loss_x': 0.0024269907735288143, 'train/loss_x_gradient': 0.0006398763507604599, 'train/mask_ratio': 0.94089275598526}",unimatch_v2_wandb_wo_FA_gradient_dino_base
64,"{'_runtime': 176771.256274448, '_step': 155222, '_timestamp': 1738354189.6533546, '_wandb': {'runtime': 176772}, 'eval/mIoU': 81.05903919656937, 'eval/mIoU_ema': 81.11764410999228, 'train/loss_all': 0.002234881976619363, 'train/loss_s': 0.0042657568119466305, 'train/loss_x': 0.0014138668775558472, 'train/loss_x_gradient': 0.0006504139746539295, 'train/loss_x_norm': 0.0026094906497746706, 'train/mask_ratio': 0.9788390398025512}",unimatch_v2_wandb_normloss_gradient_dino_base
65,"{'_runtime': 131298.081475266, '_step': 157379, '_timestamp': 1738308718.2337394, '_wandb': {'runtime': 131299}, 'eval/mIoU': 84.03444699035947, 'eval/mIoU_ema': 84.0392440659048, 'train/loss_all': 0.03341430425643921, 'train/loss_s': 0.09585645794868468, 'train/loss_x': 0.0018427401082590225, 'train/loss_x_norm': 0.0025437111034989357, 'train/mask_ratio': 0.9798278212547302}",unimatch_v2_wandb_wo_FA_normloss_dino_base
66,"{'_runtime': 131497.547366916, '_step': 157379, '_timestamp': 1738308919.705006, '_wandb': {'runtime': 131498}, 'eval/mIoU': 84.61098953422186, 'eval/mIoU_ema': 84.6022843618773, 'train/loss_all': 0.027209986001253128, 'train/loss_s': 0.07565158605575562, 'train/loss_x': 0.003562171943485737, 'train/loss_x_norm': 0.0024161983747035265, 'train/mask_ratio': 0.9352185130119324}",unimatch_v2_wandb_wo_FA_normloss_dino_base
67,"{'_runtime': 175934.079204022, '_step': 157379, '_timestamp': 1738353358.9002175, '_wandb': {'runtime': 175935}, 'eval/mIoU': 83.78186360797966, 'eval/mIoU_ema': 83.79156592705388, 'train/loss_all': 0.08250036090612411, 'train/loss_s': 0.24405081570148468, 'train/loss_x': 0.002990639302879572, 'train/loss_x_gradient': 0.0004596256767399609, 'train/mask_ratio': 0.9861520528793336}",unimatch_v2_wandb_wo_FA_gradient_dino_base
68,"{'_runtime': 120443.338868776, '_step': 145015, '_timestamp': 1738297869.182536, '_wandb': {'runtime': 120444}, 'eval/mIoU': 84.01486027155359, 'eval/mIoU_ema': 83.98258179983043, 'train/loss_all': 0.003199065802618861, 'train/loss_s': 0.005400558467954397, 'train/loss_x': 0.0017855153419077396, 'train/loss_x_norm': 0.002411122899502516, 'train/mask_ratio': 0.987618327140808}",unimatch_v2_wandb_wo_FA_normloss_dino_base
69,"{'_runtime': 130179.383752606, '_step': 157379, '_timestamp': 1738307604.94093, '_wandb': {'runtime': 130180}, 'eval/mIoU': 84.05214936560844, 'eval/mIoU_ema': 84.04987320994573, 'train/loss_all': 0.015318951569497584, 'train/loss_s': 0.040972888469696045, 'train/loss_x': 0.0024545465130358934, 'train/loss_x_norm': 0.002529419958591461, 'train/mask_ratio': 0.9886417984962464}",unimatch_v2_wandb_normloss_dino_base
70,"{'_runtime': 130211.145524446, '_step': 157379, '_timestamp': 1738307650.343778, '_wandb': {'runtime': 130212}, 'eval/mIoU': 81.62490459641997, 'eval/mIoU_ema': 81.63132927059844, 'train/loss_all': 0.07440520077943802, 'train/loss_s': 0.14479120075702667, 'train/loss_x': 0.004019206389784813, 'train/mask_ratio': 0.9734985828399658}",unimatch_v2_wandb_wo_FA_dino_base
71,"{'_runtime': 131090.26024569, '_step': 157379, '_timestamp': 1738308529.6010404, '_wandb': {'runtime': 131091}, 'eval/mIoU': 82.500299043603, 'eval/mIoU_ema': 82.50032806903971, 'train/loss_all': 0.020394228398799896, 'train/loss_s': 0.03618614748120308, 'train/loss_x': 0.004602309316396713, 'train/mask_ratio': 0.9676918983459472}",unimatch_v2_wandb_dino_base
72,"{'_runtime': 130142.881901613, '_step': 157379, '_timestamp': 1738307584.6813457, '_wandb': {'runtime': 130143}, 'eval/mIoU': 81.66817455823059, 'eval/mIoU_ema': 81.66662104711813, 'train/loss_all': 0.06838613003492355, 'train/loss_s': 0.1343112736940384, 'train/loss_x': 0.0024609847459942102, 'train/mask_ratio': 0.9838598370552064}",unimatch_v2_wandb_dino_base
73,"{'_runtime': 125364.887447385, '_step': 157379, '_timestamp': 1738302806.7343438, '_wandb': {'runtime': 125366}, 'eval/mIoU': 80.8439283536121, 'eval/mIoU_ema': 80.84127078778408, 'train/loss_all': 0.1113804280757904, 'train/loss_s': 0.21959790587425232, 'train/loss_x': 0.00316294701769948, 'train/mask_ratio': 0.970371425151825}",unimatch_v2_wandb_dino_base
74,"{'_runtime': 131931.263919338, '_step': 157379, '_timestamp': 1738309374.0036776, '_wandb': {'runtime': 131932}, 'eval/mIoU': 82.13397112296693, 'eval/mIoU_ema': 82.13096413913851, 'train/loss_all': 0.015964986756443977, 'train/loss_s': 0.03034423664212227, 'train/loss_x': 0.0015857379185035825, 'train/mask_ratio': 0.9240572452545166}",unimatch_v2_wandb_wo_FA_dino_base
75,"{'_runtime': 128955.255294157, '_step': 157379, '_timestamp': 1738306399.1858416, '_wandb': {'runtime': 128956}, 'eval/mIoU': 76.53601183393661, 'eval/mIoU_ema': 76.5377728514185, 'train/loss_all': 0.017519056797027588, 'train/loss_s': 0.03082871064543724, 'train/loss_x': 0.0042094020172953606, 'train/mask_ratio': 0.9861069917678832}",unimatch_v2_wandb_dino_base
76,"{'_runtime': 131218.680083385, '_step': 157379, '_timestamp': 1738308664.7755313, '_wandb': {'runtime': 131219}, 'eval/mIoU': 81.06652876440369, 'eval/mIoU_ema': 81.06405431527965, 'train/loss_all': 0.0454673245549202, 'train/loss_s': 0.08753404021263123, 'train/loss_x': 0.003400608664378524, 'train/mask_ratio': 0.9813534617424012}",unimatch_v2_wandb_wo_FA_dino_base
77,"{'_runtime': 130147.919280155, '_step': 157379, '_timestamp': 1738307594.1358092, '_wandb': {'runtime': 130148}, 'eval/mIoU': 77.04759837245551, 'eval/mIoU_ema': 77.03292282080157, 'train/loss_all': 0.007376944180577993, 'train/loss_s': 0.01224773470312357, 'train/loss_x': 0.0025061534252017736, 'train/mask_ratio': 0.9777428507804872}",unimatch_v2_wandb_dino_base
78,"{'_runtime': 178219.963552163, '_step': 157379, '_timestamp': 1738355672.6183703, '_wandb': {'runtime': 178221}, 'eval/mIoU': 84.21669045748011, 'eval/mIoU_ema': 84.20271018841694, 'train/loss_all': 0.014691164717078207, 'train/loss_s': 0.05366489291191101, 'train/loss_x': 0.0018079718574881551, 'train/loss_x_gradient': 0.0005433454643934965, 'train/loss_x_norm': 0.002748446771875024, 'train/mask_ratio': 0.978875458240509}",unimatch_v2_wandb_wo_FA_normloss_gradient_dino_large
79,"{'_runtime': 174367.133165826, '_step': 157379, '_timestamp': 1738351822.4055276, '_wandb': {'runtime': 174368}, 'eval/mIoU': 74.81206434858271, 'eval/mIoU_ema': 74.80955908988666, 'train/loss_all': 0.06839738041162491, 'train/loss_s': 0.2680058479309082, 'train/loss_x': 0.0026026603300124407, 'train/loss_x_gradient': 0.0004233594518154859, 'train/loss_x_norm': 0.0025576604530215263, 'train/mask_ratio': 0.9856462478637696}",unimatch_v2_wandb_wo_FA_normloss_gradient_dino_large
80,"{'_runtime': 177329.963629257, '_step': 157379, '_timestamp': 1738354786.3972173, '_wandb': {'runtime': 177330}, 'eval/mIoU': 81.25558934136559, 'eval/mIoU_ema': 81.25231726724478, 'train/loss_all': 0.04100590944290161, 'train/loss_s': 0.15869228541851044, 'train/loss_x': 0.0019743547309190035, 'train/loss_x_gradient': 0.0006365199806168675, 'train/loss_x_norm': 0.002720481250435114, 'train/mask_ratio': 0.9861839413642884}",unimatch_v2_wandb_wo_FA_normloss_gradient_dino_large
81,"{'_runtime': 177378.560913058, '_step': 157379, '_timestamp': 1738354837.727399, '_wandb': {'runtime': 177379}, 'eval/mIoU': 81.12645656430352, 'eval/mIoU_ema': 81.13060128411819, 'train/loss_all': 0.02626444771885872, 'train/loss_s': 0.07505753636360168, 'train/loss_x': 0.002903731307014823, 'train/loss_x_gradient': 0.0008320733904838562, 'train/mask_ratio': 0.9879769682884216}",unimatch_v2_wandb_gradient_dino_large
82,"{'_runtime': 2827.256039568, '_step': 2621, '_timestamp': 1738180292.828207, '_wandb': {'runtime': 2827}, 'train/loss_all': 0.03635926172137261, 'train/loss_s': 0.053558558225631714, 'train/loss_x': 0.05319084972143173, 'train/loss_x_gradient': 0.0023283730261027813, 'train/mask_ratio': 0.9346765875816344}",unimatch_v2_wandb_gradient_dino_small
83,"{'_runtime': 177181.330396437, '_step': 157379, '_timestamp': 1738354649.573718, '_wandb': {'runtime': 177182}, 'eval/mIoU': 83.33271135188744, 'eval/mIoU_ema': 83.3248762228094, 'train/loss_all': 0.03243812173604965, 'train/loss_s': 0.09389322251081468, 'train/loss_x': 0.002845729934051633, 'train/loss_x_gradient': 0.0005754096200689673, 'train/mask_ratio': 0.9600037932395936}",unimatch_v2_wandb_gradient_dino_large
84,"{'_runtime': 2527.842395146, '_step': 2320, '_timestamp': 1738179996.0684814, '_wandb': {'runtime': 2528}, 'train/loss_all': 0.0294969379901886, 'train/loss_s': 0.06959497183561325, 'train/loss_x': 0.01273493655025959, 'train/loss_x_gradient': 0.006160910241305828, 'train/mask_ratio': 0.9625853896141052}",unimatch_v2_wandb_gradient_dino_small
85,"{'_runtime': 2836.634823779, '_step': 3414, '_timestamp': 1738180304.5789046, '_wandb': {'runtime': 2837}, 'eval/mIoU': 71.19123137131217, 'eval/mIoU_ema': 71.47345874895116, 'train/loss_all': 0.029424935579299927, 'train/loss_s': 0.06734760105609894, 'train/loss_x': 0.01805761456489563, 'train/loss_x_norm': 0.002869593445211649, 'train/mask_ratio': 0.8535143733024597}",unimatch_v2_wandb_wo_FA_normloss_dino_small
86,"{'_runtime': 173959.163126499, '_step': 157379, '_timestamp': 1738351427.617968, '_wandb': {'runtime': 173960}, 'eval/mIoU': 83.51750931836025, 'eval/mIoU_ema': 83.51669084150451, 'train/loss_all': 0.02170502580702305, 'train/loss_s': 0.08004557341337204, 'train/loss_x': 0.0038968438748270273, 'train/loss_x_gradient': 0.0003640592331066728, 'train/loss_x_norm': 0.00251362775452435, 'train/mask_ratio': 0.978726327419281}",unimatch_v2_wandb_wo_FA_normloss_gradient_dino_large
87,"{'_runtime': 2860.53030225, '_step': 3451, '_timestamp': 1738180330.352158, '_wandb': {'runtime': 2861}, 'eval/mIoU': 70.51710930056451, 'eval/mIoU_ema': 72.16602059643746, 'train/loss_all': 0.0640920102596283, 'train/loss_s': 0.08072830736637115, 'train/loss_x': 0.047455716878175735, 'train/mask_ratio': 0.8503341674804688}",unimatch_v2_wandb_wo_FA_dino_small
88,"{'_runtime': 177730.976199711, '_step': 157379, '_timestamp': 1738355201.914154, '_wandb': {'runtime': 177732}, 'eval/mIoU': 80.75421658529281, 'eval/mIoU_ema': 80.7453054849344, 'train/loss_all': 0.011281264945864676, 'train/loss_s': 0.03960851952433586, 'train/loss_x': 0.002387463115155697, 'train/loss_x_gradient': 0.0004789261729456484, 'train/loss_x_norm': 0.002650150563567877, 'train/mask_ratio': 0.9603203535079956}",unimatch_v2_wandb_wo_FA_normloss_gradient_dino_large
89,"{'_runtime': 177176.009684218, '_step': 157379, '_timestamp': 1738354647.0716624, '_wandb': {'runtime': 177177}, 'eval/mIoU': 79.07104854193577, 'eval/mIoU_ema': 79.07022430255071, 'train/loss_all': 0.0324900820851326, 'train/loss_s': 0.09262492507696152, 'train/loss_x': 0.004324862267822027, 'train/loss_x_gradient': 0.0005204556509852409, 'train/mask_ratio': 0.982885479927063}",unimatch_v2_wandb_gradient_dino_large
90,"{'_runtime': 175629.354611021, '_step': 157379, '_timestamp': 1738353101.9411118, '_wandb': {'runtime': 175630}, 'eval/mIoU': 83.55110772264227, 'eval/mIoU_ema': 83.5457650808586, 'train/loss_all': 0.009234561584889889, 'train/loss_s': 0.02416110038757324, 'train/loss_x': 0.0030231785494834185, 'train/loss_x_gradient': 0.0005194048280827701, 'train/mask_ratio': 0.9835176467895508}",unimatch_v2_wandb_gradient_dino_large
91,"{'_runtime': 175617.638089085, '_step': 157379, '_timestamp': 1738353104.3858588, '_wandb': {'runtime': 175618}, 'eval/mIoU': 81.30165800472908, 'eval/mIoU_ema': 81.30607768323274, 'train/loss_all': 0.01319881435483694, 'train/loss_s': 0.046664588153362274, 'train/loss_x': 0.002627013484016061, 'train/loss_x_gradient': 0.0007308484055101871, 'train/loss_x_norm': 0.002772807609289885, 'train/mask_ratio': 0.9698473811149596}",unimatch_v2_wandb_normloss_gradient_dino_large
92,"{'_runtime': 175878.741205283, '_step': 157379, '_timestamp': 1738353368.4496157, '_wandb': {'runtime': 175879}, 'eval/mIoU': 84.06284678276401, 'eval/mIoU_ema': 84.06508786028157, 'train/loss_all': 0.008445419371128082, 'train/loss_s': 0.027641095221042633, 'train/loss_x': 0.003020387142896652, 'train/loss_x_gradient': 0.0004865739610977471, 'train/loss_x_norm': 0.002633620984852314, 'train/mask_ratio': 0.986705482006073}",unimatch_v2_wandb_normloss_gradient_dino_large
93,"{'_runtime': 171407.559849816, '_step': 157379, '_timestamp': 1738348908.6376674, '_wandb': {'runtime': 171408}, 'eval/mIoU': 82.30758099680332, 'eval/mIoU_ema': 82.30861096302758, 'train/loss_all': 0.04905959591269493, 'train/loss_s': 0.190193772315979, 'train/loss_x': 0.002801935886964202, 'train/loss_x_gradient': 0.0005241316976025701, 'train/loss_x_norm': 0.0027185394428670406, 'train/mask_ratio': 0.9536876678466796}",unimatch_v2_wandb_normloss_gradient_dino_large
94,"{'_runtime': 177359.489590178, '_step': 157379, '_timestamp': 1738354865.813857, '_wandb': {'runtime': 177360}, 'eval/mIoU': 81.28892253860117, 'eval/mIoU_ema': 81.29509010031978, 'train/loss_all': 0.020019477233290672, 'train/loss_s': 0.07328248769044876, 'train/loss_x': 0.003472441341727972, 'train/loss_x_gradient': 0.0005792704178020358, 'train/loss_x_norm': 0.002743709832429886, 'train/mask_ratio': 0.9612476825714112}",unimatch_v2_wandb_normloss_gradient_dino_large
95,"{'_runtime': 2640.524003364, '_step': 2382, '_timestamp': 1738180146.4537752, '_wandb': {'runtime': 2640}, 'train/loss_all': 0.021417025476694107, 'train/loss_s': 0.035700473934412, 'train/loss_x': 0.022888069972395897, 'train/loss_x_gradient': 0.005662528797984123, 'train/mask_ratio': 0.901654839515686}",unimatch_v2_wandb_gradient_dino_large
96,"{'_runtime': 177795.571533104, '_step': 157379, '_timestamp': 1738355302.8350434, '_wandb': {'runtime': 177796}, 'eval/mIoU': 76.72038501902043, 'eval/mIoU_ema': 76.71713189486434, 'train/loss_all': 0.014467590488493444, 'train/loss_s': 0.050545405596494675, 'train/loss_x': 0.004085911903530359, 'train/loss_x_gradient': 0.0006246183766052127, 'train/loss_x_norm': 0.0026144259609282017, 'train/mask_ratio': 0.9843630790710448}",unimatch_v2_wandb_normloss_gradient_dino_large
97,"{'_runtime': 2556.06430812, '_step': 2306, '_timestamp': 1738180092.6399846, '_wandb': {'runtime': 2557}, 'train/loss_all': 0.0667952448129654, 'train/loss_s': 0.0947498083114624, 'train/loss_x': 0.10190422087907793, 'train/loss_x_gradient': 0.0037316912785172462, 'train/mask_ratio': 0.7838363647460938}",unimatch_v2_wandb_wo_FA_gradient_dino_large
98,"{'_runtime': 126155.858494448, '_step': 157379, '_timestamp': 1738303796.5548794, '_wandb': {'runtime': 126156}, 'eval/mIoU': 83.51987334095358, 'eval/mIoU_ema': 83.52427128877164, 'train/loss_all': 0.032726384699344635, 'train/loss_s': 0.06334789097309113, 'train/loss_x': 0.002104875398799777, 'train/mask_ratio': 0.9806888699531556}",unimatch_v2_wandb_wo_FA_dino_base
99,"{'_runtime': 177152.118677376, '_step': 157379, '_timestamp': 1738354792.6934557, '_wandb': {'runtime': 177153}, 'eval/mIoU': 83.01090511610076, 'eval/mIoU_ema': 83.00724099567283, 'train/loss_all': 0.06154636666178703, 'train/loss_s': 0.1804206371307373, 'train/loss_x': 0.0037621466908603902, 'train/loss_x_gradient': 0.00045630941167473793, 'train/mask_ratio': 0.9854403734207152}",unimatch_v2_wandb_wo_FA_gradient_dino_base
100,"{'_runtime': 130328.272519647, '_step': 157379, '_timestamp': 1738307969.6631873, '_wandb': {'runtime': 130329}, 'eval/mIoU': 79.885056109613, 'eval/mIoU_ema': 79.88557349273401, 'train/loss_all': 0.03750324249267578, 'train/loss_s': 0.10671046376228333, 'train/loss_x': 0.003376645501703024, 'train/loss_x_norm': 0.0024226184468716383, 'train/mask_ratio': 0.9899407029151917}",unimatch_v2_wandb_wo_FA_normloss_dino_base
101,"{'_runtime': 132798.28371564, '_step': 157379, '_timestamp': 1738310439.8466103, '_wandb': {'runtime': 132799}, 'eval/mIoU': 81.10589831452987, 'eval/mIoU_ema': 81.10617595033489, 'train/loss_all': 0.026770686730742455, 'train/loss_s': 0.05034410208463669, 'train/loss_x': 0.003197271842509508, 'train/mask_ratio': 0.969420611858368}",unimatch_v2_wandb_wo_FA_dino_base
102,"{'_runtime': 128628.605667035, '_step': 157379, '_timestamp': 1738308499.328859, '_wandb': {'runtime': 128629}, 'eval/mIoU': 82.38438127425823, 'eval/mIoU_ema': 82.38250774219358, 'train/loss_all': 0.00926213152706623, 'train/loss_s': 0.01639186404645443, 'train/loss_x': 0.0021323987748473883, 'train/mask_ratio': 0.9656825065612792}",unimatch_v2_wandb_wo_FA_dino_large
103,"{'_runtime': 2510.461991502, '_step': 2329, '_timestamp': 1738183133.7348635, '_wandb': {'runtime': 2510}, 'train/loss_all': 0.022584807127714157, 'train/loss_s': 0.042039141058921814, 'train/loss_x': 0.020226536318659782, 'train/loss_x_gradient': 0.0054887388832867146, 'train/mask_ratio': 0.908739447593689}",unimatch_v2_wandb_gradient_dino_small
104,"{'_runtime': 2514.398744814, '_step': 2270, '_timestamp': 1738183139.935077, '_wandb': {'runtime': 2515}, 'train/loss_all': 0.02016223222017288, 'train/loss_s': 0.03638097643852234, 'train/loss_x': 0.016822906211018562, 'train/loss_x_gradient': 0.007282815407961607, 'train/mask_ratio': 0.9008334279060364}",unimatch_v2_wandb_wo_FA_gradient_dino_large
105,"{'_runtime': 2107.081532123, '_step': 1926, '_timestamp': 1738182734.8289688, '_wandb': {'runtime': 2108}, 'train/loss_all': 0.02300621196627617, 'train/loss_s': 0.03165474906563759, 'train/loss_x': 0.03379188850522041, 'train/loss_x_gradient': 0.0035719953011721373, 'train/mask_ratio': 0.8572938442230225}",unimatch_v2_wandb_wo_FA_gradient_dino_large
106,"{'_runtime': 2508.432725714, '_step': 3037, '_timestamp': 1738183138.433648, '_wandb': {'runtime': 2509}, 'eval/mIoU': 70.83327730748071, 'eval/mIoU_ema': 71.5936668159628, 'train/loss_all': 0.09281285852193832, 'train/loss_s': 0.2616037130355835, 'train/loss_x': 0.013920223340392113, 'train/loss_x_norm': 0.002914616139605642, 'train/mask_ratio': 0.8774840235710144}",unimatch_v2_wandb_wo_FA_normloss_dino_large
107,"{'_runtime': 2510.146291435, '_step': 2283, '_timestamp': 1738183142.070231, '_wandb': {'runtime': 2510}, 'train/loss_all': 0.020798083394765857, 'train/loss_s': 0.03760357201099396, 'train/loss_x': 0.019909244030714035, 'train/loss_x_gradient': 0.004881429020315409, 'train/mask_ratio': 0.9086002707481384}",unimatch_v2_wandb_wo_FA_gradient_dino_large
108,"{'_runtime': 2484.117399398, '_step': 2247, '_timestamp': 1738183142.108666, '_wandb': {'runtime': 2485}, 'train/loss_all': 0.0688491091132164, 'train/loss_s': 0.1680351197719574, 'train/loss_x': 0.03577883541584015, 'train/loss_x_gradient': 0.00273336423560977, 'train/mask_ratio': 0.8124494552612305}",unimatch_v2_wandb_wo_FA_gradient_dino_large
109,"{'_runtime': 127889.820638385, '_step': 157379, '_timestamp': 1738309000.0170588, '_wandb': {'runtime': 127890}, 'eval/mIoU': 83.08516918872331, 'eval/mIoU_ema': 83.08492213921757, 'train/loss_all': 0.04808143898844719, 'train/loss_s': 0.09253330528736116, 'train/loss_x': 0.0036295733880251646, 'train/mask_ratio': 0.9893513917922974}",unimatch_v2_wandb_dino_large
110,"{'_runtime': 900.21511599, '_step': 804, '_timestamp': 1738184320.3884375, '_wandb': {'runtime': 900}, 'train/loss_all': 0.013923941180109978, 'train/loss_s': 0.015036181546747684, 'train/loss_x': 0.018765179440379143, 'train/loss_x_gradient': 0.007970462553203106, 'train/mask_ratio': 0.6336363554000854}",unimatch_v2_wandb_wo_FA_gradient_dino_large
111,{'_wandb': {'runtime': 18}},unimatch_v2_wandb_gradient_dino_small
112,"{'_runtime': 900.141025742, '_step': 804, '_timestamp': 1738184323.190729, '_wandb': {'runtime': 900}, 'train/loss_all': 0.014803330413997172, 'train/loss_s': 0.009570287540555, 'train/loss_x': 0.027917055413126945, 'train/loss_x_gradient': 0.006922651082277298, 'train/mask_ratio': 0.5904267430305481}",unimatch_v2_wandb_wo_FA_gradient_dino_large
113,"{'_runtime': 893.427802967, '_step': 811, '_timestamp': 1738184317.890983, '_wandb': {'runtime': 894}, 'train/loss_all': 0.04688753932714462, 'train/loss_s': 0.03258013352751732, 'train/loss_x': 0.09777683019638062, 'train/loss_x_gradient': 0.01030564308166504, 'train/mask_ratio': 0.7834413647651672}",unimatch_v2_wandb_wo_FA_gradient_dino_large
114,{'_wandb': {'runtime': 12}},unimatch_v2_wandb_wo_FA_normloss_dino_large
115,"{'_runtime': 286.578532434, '_step': 252, '_timestamp': 1738183736.032311, '_wandb': {'runtime': 287}, 'train/loss_all': 0.06831471621990204, 'train/loss_s': 0.002684147097170353, 'train/loss_x': 0.19306336343288424, 'train/loss_x_gradient': 0.00919663067907095, 'train/mask_ratio': 0.5540350079536438}",unimatch_v2_wandb_wo_FA_gradient_dino_large
116,"{'_runtime': 174362.607026393, '_step': 157379, '_timestamp': 1738358833.032429, '_wandb': {'runtime': 174363}, 'eval/mIoU': 83.60464549264441, 'eval/mIoU_ema': 83.60113228865092, 'train/loss_all': 0.015224511735141276, 'train/loss_s': 0.04275967925786972, 'train/loss_x': 0.0020934005733579397, 'train/loss_x_gradient': 0.0008204530458897352, 'train/mask_ratio': 0.9794480204582214}",unimatch_v2_wandb_gradient_dino_small
117,"{'_runtime': 1708.993415755, '_step': 1564, '_timestamp': 1738186301.447041, '_wandb': {'runtime': 1710}, 'train/loss_all': 0.4623139500617981, 'train/loss_s': 1.2585572004318235, 'train/loss_x': 0.1214156225323677, 'train/loss_x_gradient': 0.006969002075493336, 'train/mask_ratio': 0.8058781027793884}",unimatch_v2_wandb_wo_FA_gradient_dino_large
118,"{'_runtime': 981.162882317, '_step': 1204, '_timestamp': 1738185573.74599, '_wandb': {'runtime': 981}, 'train/loss_all': 0.014727631583809853, 'train/loss_s': 0.026154357939958572, 'train/loss_x': 0.015135280787944794, 'train/loss_x_norm': 0.00289325462654233, 'train/mask_ratio': 0.8552486300468445}",unimatch_v2_wandb_wo_FA_normloss_dino_large
119,{'_wandb': {'runtime': 15}},unimatch_v2_wandb_wo_FA_gradient_dino_large
120,"{'_runtime': 1718.791843656, '_step': 1559, '_timestamp': 1738186315.200968, '_wandb': {'runtime': 1719}, 'train/loss_all': 0.02416371554136276, 'train/loss_s': 0.020228402689099312, 'train/loss_x': 0.04549429938197136, 'train/loss_x_gradient': 0.00676844734698534, 'train/mask_ratio': 0.6764297485351562}",unimatch_v2_wandb_wo_FA_gradient_dino_large
121,"{'_runtime': 167.886525911, '_step': 141, '_timestamp': 1738185035.9260204, '_wandb': {'runtime': 168}, 'train/loss_all': 0.051355645060539246, 'train/loss_s': 0.0006611236603930593, 'train/loss_x': 0.1425347626209259, 'train/loss_x_gradient': 0.010871059261262417, 'train/mask_ratio': 0.5936057567596436}",unimatch_v2_wandb_gradient_dino_small
122,"{'_runtime': 499.707373016, '_step': 445, '_timestamp': 1738185377.3814032, '_wandb': {'runtime': 499}, 'train/loss_all': 0.04407589137554169, 'train/loss_s': 0.004950998350977898, 'train/loss_x': 0.11906851083040236, 'train/loss_x_gradient': 0.008208165876567364, 'train/mask_ratio': 0.6335137486457825}",unimatch_v2_wandb_wo_FA_gradient_dino_large
123,"{'_runtime': 899.963992175, '_step': 809, '_timestamp': 1738187486.300136, '_wandb': {'runtime': 899}, 'train/loss_all': 0.029174942523241043, 'train/loss_s': 0.013348514214158058, 'train/loss_x': 0.06947006285190582, 'train/loss_x_gradient': 0.004706248175352812, 'train/mask_ratio': 0.7325479984283447}",unimatch_v2_wandb_gradient_dino_small
124,"{'_runtime': 866.211414586, '_step': 777, '_timestamp': 1738187471.5928817, '_wandb': {'runtime': 867}, 'train/loss_all': 0.040467746555805206, 'train/loss_s': 0.0782676562666893, 'train/loss_x': 0.033158399164676666, 'train/loss_x_gradient': 0.009977176785469055, 'train/mask_ratio': 0.6822689771652222}",unimatch_v2_wandb_wo_FA_gradient_dino_large
125,"{'_runtime': 71.49636163, '_step': 76, '_timestamp': 1738186678.8382428, '_wandb': {'runtime': 72}, 'train/loss_all': 0.29437851905822754, 'train/loss_s': 0.019602736458182335, 'train/loss_x': 0.8605620265007019, 'train/loss_x_norm': 0.002970797475427389, 'train/mask_ratio': 0.4572518467903137}",unimatch_v2_wandb_wo_FA_normloss_dino_large
126,"{'_runtime': 166.835254483, '_step': 141, '_timestamp': 1738186776.280264, '_wandb': {'runtime': 167}, 'train/loss_all': 0.05204040929675102, 'train/loss_s': 0.013650176115334034, 'train/loss_x': 0.12994715571403503, 'train/loss_x_gradient': 0.012523896992206572, 'train/mask_ratio': 0.5123054385185242}",unimatch_v2_wandb_wo_FA_gradient_dino_large
127,"{'_runtime': 861.628912945, '_step': 1060, '_timestamp': 1738187474.3090189, '_wandb': {'runtime': 862}, 'train/loss_all': 0.02179884910583496, 'train/loss_s': 0.004425680730491877, 'train/loss_x': 0.03917201608419418, 'train/mask_ratio': 0.9112046957015992}",unimatch_v2_wandb_dino_large
128,"{'_runtime': 860.246611955, '_step': 1057, '_timestamp': 1738187481.265087, '_wandb': {'runtime': 861}, 'train/loss_all': 0.02635154128074646, 'train/loss_s': 0.02396596036851406, 'train/loss_x': 0.05212242528796196, 'train/loss_x_norm': 0.0029662407469004393, 'train/mask_ratio': 0.8419773578643799}",unimatch_v2_wandb_normloss_dino_large
129,"{'_runtime': 3710.577427715, '_step': 4507, '_timestamp': 1738191480.4132435, '_wandb': {'runtime': 3711}, 'eval/mIoU': 70.80161345149898, 'eval/mIoU_ema': 72.3868190663001, 'train/loss_all': 0.024712394922971725, 'train/loss_s': 0.053895674645900726, 'train/loss_x': 0.01737663336098194, 'train/loss_x_norm': 0.0028648735024034977, 'train/mask_ratio': 0.9581089019775392}",unimatch_v2_wandb_wo_FA_normloss_dino_large
130,"{'_runtime': 3677.843896929, '_step': 4429, '_timestamp': 1738191474.5082726, '_wandb': {'runtime': 3678}, 'eval/mIoU': 71.77051867942909, 'eval/mIoU_ema': 71.7430470123405, 'train/loss_all': 0.07660090178251266, 'train/loss_s': 0.19719764590263367, 'train/loss_x': 0.029750393703579903, 'train/loss_x_norm': 0.002854658290743828, 'train/mask_ratio': 0.8342025279998779}",unimatch_v2_wandb_normloss_dino_large
131,"{'_runtime': 3672.575497483, '_step': 3259, '_timestamp': 1738191471.6452544, '_wandb': {'runtime': 3673}, 'eval/mIoU': 71.27405842320479, 'eval/mIoU_ema': 71.13264123117567, 'train/loss_all': 0.030170073732733727, 'train/loss_s': 0.03416155278682709, 'train/loss_x': 0.05117620527744293, 'train/loss_x_gradient': 0.005172458477318287, 'train/mask_ratio': 0.8794857859611511}",unimatch_v2_wandb_gradient_dino_small
132,"{'_runtime': 3669.829543945, '_step': 4456, '_timestamp': 1738191471.9213216, '_wandb': {'runtime': 3669}, 'eval/mIoU': 72.24004054628287, 'eval/mIoU_ema': 71.94328815571232, 'train/loss_all': 0.08397775143384933, 'train/loss_s': 0.1170993521809578, 'train/loss_x': 0.05085614696145058, 'train/mask_ratio': 0.9118804931640624}",unimatch_v2_wandb_wo_FA_dino_small
133,"{'_runtime': 3680.394594305, '_step': 4476, '_timestamp': 1738191484.9936187, '_wandb': {'runtime': 3680}, 'eval/mIoU': 67.25376430735932, 'eval/mIoU_ema': 71.80788889309108, 'train/loss_all': 0.029158737510442737, 'train/loss_s': 0.05973384156823158, 'train/loss_x': 0.024883197620511055, 'train/loss_x_norm': 0.002859166357666254, 'train/mask_ratio': 0.8449089527130127}",unimatch_v2_wandb_wo_FA_normloss_dino_large
134,"{'_runtime': 3650.328164882, '_step': 4495, '_timestamp': 1738191477.817975, '_wandb': {'runtime': 3650}, 'eval/mIoU': 62.51239432764187, 'eval/mIoU_ema': 67.72976488218326, 'train/loss_all': 0.08337663114070892, 'train/loss_s': 0.1275927871465683, 'train/loss_x': 0.03916047513484955, 'train/mask_ratio': 0.8081833124160767}",unimatch_v2_wandb_wo_FA_dino_large
135,"{'_runtime': 127620.742633943, '_step': 157379, '_timestamp': 1738315518.63388, '_wandb': {'runtime': 127621}, 'eval/mIoU': 83.68970773403984, 'eval/mIoU_ema': 83.69083101662513, 'train/loss_all': 0.016395047307014465, 'train/loss_s': 0.04203420132398605, 'train/loss_x': 0.004816277883946896, 'train/loss_x_norm': 0.002334664110094309, 'train/mask_ratio': 0.9883627891540528}",unimatch_v2_wandb_wo_FA_normloss_dino_large
136,"{'_runtime': 166360.712173346, '_step': 149218, '_timestamp': 1738354266.4125583, '_wandb': {'runtime': 166361}, 'eval/mIoU': 84.2745800316451, 'eval/mIoU_ema': 84.13706906271122, 'train/loss_all': 0.006714534945785999, 'train/loss_s': 0.01836351491510868, 'train/loss_x': 0.0010596995707601309, 'train/loss_x_gradient': 0.0007203894201666117, 'train/mask_ratio': 0.9852943420410156}",unimatch_v2_wandb_wo_FA_gradient_dino_large
137,"{'_runtime': 170036.146551409, '_step': 157379, '_timestamp': 1738361511.340165, '_wandb': {'runtime': 170037}, 'eval/mIoU': 81.97355955276954, 'eval/mIoU_ema': 81.9733639730828, 'train/loss_all': 0.0055799419060349464, 'train/loss_s': 0.013680150732398031, 'train/loss_x': 0.0027003067079931498, 'train/loss_x_gradient': 0.0003593677538447082, 'train/mask_ratio': 0.9725033640861512}",unimatch_v2_wandb_wo_FA_gradient_dino_large
138,"{'_runtime': 129734.19229851, '_step': 157379, '_timestamp': 1738321219.3425326, '_wandb': {'runtime': 129735}, 'eval/mIoU': 84.34784017769796, 'eval/mIoU_ema': 84.350984530646, 'train/loss_all': 0.011749602854251862, 'train/loss_s': 0.0210556723177433, 'train/loss_x': 0.0024435333907604218, 'train/mask_ratio': 0.9887456297874452}",unimatch_v2_wandb_wo_FA_dino_large
139,"{'_runtime': 21277.387915569, '_step': 25721, '_timestamp': 1738213061.3842866, '_wandb': {'runtime': 21278}, 'eval/mIoU': 75.70851268071576, 'eval/mIoU_ema': 75.8623195239575, 'train/loss_all': 0.01080114021897316, 'train/loss_s': 0.015589647926390173, 'train/loss_x': 0.006012632045894861, 'train/mask_ratio': 0.9564957022666932}",unimatch_v2_wandb_dino_large
140,"{'_runtime': 21289.19664278, '_step': 25675, '_timestamp': 1738213073.7626305, '_wandb': {'runtime': 21290}, 'eval/mIoU': 81.08873897761615, 'eval/mIoU_ema': 82.33232245175247, 'train/loss_all': 0.02944195456802845, 'train/loss_s': 0.05507221817970276, 'train/loss_x': 0.0038116895593702793, 'train/mask_ratio': 0.9280045628547668}",unimatch_v2_wandb_dino_large
141,"{'_runtime': 21284.814288477, '_step': 26163, '_timestamp': 1738213071.0939765, '_wandb': {'runtime': 21285}, 'eval/mIoU': 76.10484002551925, 'eval/mIoU_ema': 79.08465104979946, 'train/loss_all': 0.014202295802533628, 'train/loss_s': 0.016196593642234802, 'train/loss_x': 0.023724712431430817, 'train/loss_x_norm': 0.0026855794712901115, 'train/mask_ratio': 0.9832344651222228}",unimatch_v2_wandb_normloss_dino_large
142,"{'_runtime': 21165.840910638, '_step': 19386, '_timestamp': 1738212953.553913, '_wandb': {'runtime': 21166}, 'eval/mIoU': 74.23617104827942, 'eval/mIoU_ema': 75.73941480703918, 'train/loss_all': 0.17209438979625702, 'train/loss_s': 0.47532767057418823, 'train/loss_x': 0.0395096056163311, 'train/loss_x_gradient': 0.0014458831865340471, 'train/mask_ratio': 0.8022335767745972}",unimatch_v2_wandb_wo_FA_gradient_dino_large
143,"{'_runtime': 21284.714489825, '_step': 19081, '_timestamp': 1738213074.467699, '_wandb': {'runtime': 21285}, 'eval/mIoU': 70.26123846437926, 'eval/mIoU_ema': 71.98545121853043, 'train/loss_all': 0.010603042319417, 'train/loss_s': 0.016557134687900543, 'train/loss_x': 0.013238961808383465, 'train/loss_x_gradient': 0.0020130283664911985, 'train/mask_ratio': 0.9161810278892516}",unimatch_v2_wandb_wo_FA_gradient_dino_large
144,"{'_runtime': 21260.588979273, '_step': 19168, '_timestamp': 1738213055.3895462, '_wandb': {'runtime': 21260}, 'eval/mIoU': 78.02931896482029, 'eval/mIoU_ema': 78.64662443558446, 'train/loss_all': 0.009798224084079266, 'train/loss_s': 0.017746713012456894, 'train/loss_x': 0.008398803882300854, 'train/loss_x_gradient': 0.003249155357480049, 'train/mask_ratio': 0.8918785452842712}",unimatch_v2_wandb_gradient_dino_large
145,"{'_runtime': 125137.780711205, '_step': 157379, '_timestamp': 1738317060.1105907, '_wandb': {'runtime': 125138}, 'eval/mIoU': 84.56526784217546, 'eval/mIoU_ema': 84.5625331062245, 'train/loss_all': 0.008330060169100761, 'train/loss_s': 0.020744485780596733, 'train/loss_x': 0.0016317936824634671, 'train/loss_x_norm': 0.002613900462165475, 'train/mask_ratio': 0.9685936570167542}",unimatch_v2_wandb_wo_FA_normloss_dino_large
146,"{'_runtime': 128873.572168707, '_step': 157379, '_timestamp': 1738320797.3843389, '_wandb': {'runtime': 128874}, 'eval/mIoU': 68.84660498781552, 'eval/mIoU_ema': 68.84931666538533, 'train/loss_all': 0.04697299376130104, 'train/loss_s': 0.08899284899234772, 'train/loss_x': 0.004953136667609215, 'train/mask_ratio': 0.9788091778755188}",unimatch_v2_wandb_wo_FA_dino_large
147,"{'_runtime': 126969.899454263, '_step': 157379, '_timestamp': 1738320421.5462022, '_wandb': {'runtime': 126970}, 'eval/mIoU': 75.99311287022303, 'eval/mIoU_ema': 75.9959437304924, 'train/loss_all': 0.013316775672137736, 'train/loss_s': 0.03546133264899254, 'train/loss_x': 0.0019312517251819372, 'train/loss_x_norm': 0.002557741943746805, 'train/mask_ratio': 0.9714797139167786}",unimatch_v2_wandb_normloss_dino_large
148,"{'_runtime': 127630.824947018, '_step': 157379, '_timestamp': 1738323632.7216291, '_wandb': {'runtime': 127631}, 'eval/mIoU': 77.55220281138979, 'eval/mIoU_ema': 77.54706234416837, 'train/loss_all': 0.011972782202064993, 'train/loss_s': 0.021527495235204697, 'train/loss_x': 0.0024180684704333544, 'train/mask_ratio': 0.9879152774810792}",unimatch_v2_wandb_dino_large
149,"{'_runtime': 127207.523959391, '_step': 157379, '_timestamp': 1738323575.442982, '_wandb': {'runtime': 127208}, 'eval/mIoU': 81.53781985008206, 'eval/mIoU_ema': 81.54628628073867, 'train/loss_all': 0.03775395452976227, 'train/loss_s': 0.07360941916704178, 'train/loss_x': 0.0018984915222972631, 'train/mask_ratio': 0.9876838326454164}",unimatch_v2_wandb_wo_FA_dino_large
150,"{'_runtime': 130551.059518499, '_step': 157379, '_timestamp': 1738326989.7792065, '_wandb': {'runtime': 130552}, 'eval/mIoU': 80.98235898771159, 'eval/mIoU_ema': 80.97185040328495, 'train/loss_all': 0.011285731568932532, 'train/loss_s': 0.019609175622463223, 'train/loss_x': 0.00296228751540184, 'train/mask_ratio': 0.9175479412078856}",unimatch_v2_wandb_dino_large
151,"{'_runtime': 129775.575708878, '_step': 157379, '_timestamp': 1738330799.0244985, '_wandb': {'runtime': 129776}, 'eval/mIoU': 81.31454911832543, 'eval/mIoU_ema': 81.315238847966, 'train/loss_all': 0.022835753858089447, 'train/loss_s': 0.06238056346774101, 'train/loss_x': 0.0035845190286636353, 'train/loss_x_norm': 0.0025421783793717623, 'train/mask_ratio': 0.9697036743164062}",unimatch_v2_wandb_normloss_dino_large
152,"{'_runtime': 41.670317408, '_step': 38, '_timestamp': 1738213394.4107845, '_wandb': {'runtime': 42}, 'train/loss_all': 0.4321964085102082, 'train/loss_s': 0.0010313648963347075, 'train/loss_x': 0.8633614778518677, 'train/mask_ratio': 0.29341790080070496}",unimatch_v2_wandb_wo_FA_dino_small
153,{},unimatch_v2_wandb_gradient_dino_large
154,"{'_runtime': 558.074166046, '_step': 685, '_timestamp': 1738213914.9507215, '_wandb': {'runtime': 558}, 'train/loss_all': 0.017099611461162567, 'train/loss_s': 0.026672611013054848, 'train/loss_x': 0.021690646186470985, 'train/loss_x_norm': 0.0029355736915022135, 'train/mask_ratio': 0.6561524271965027}",unimatch_v2_wandb_wo_FA_normloss_dino_large
155,"{'_runtime': 600.246261619, '_step': 719, '_timestamp': 1738213948.8392007, '_wandb': {'runtime': 600}, 'train/loss_all': 0.07148441672325134, 'train/loss_s': 0.15329456329345703, 'train/loss_x': 0.05829479545354843, 'train/loss_x_norm': 0.002863887697458267, 'train/mask_ratio': 0.7455236911773682}",unimatch_v2_wandb_normloss_dino_large
156,"{'_runtime': 561.122324967, '_step': 701, '_timestamp': 1738213920.2104385, '_wandb': {'runtime': 561}, 'train/loss_all': 0.04707943648099899, 'train/loss_s': 0.03774300962686539, 'train/loss_x': 0.0564158633351326, 'train/mask_ratio': 0.694182813167572}",unimatch_v2_wandb_wo_FA_dino_large
157,"{'_runtime': 234.477116083, '_step': 197, '_timestamp': 1738213594.0311725, '_wandb': {'runtime': 235}, 'train/loss_all': 0.052986904978752136, 'train/loss_s': 0.006095534190535545, 'train/loss_x': 0.14707696437835693, 'train/loss_x_gradient': 0.005788218695670366, 'train/mask_ratio': 0.4264587163925171}",unimatch_v2_wandb_gradient_dino_small
158,"{'_runtime': 740.527062047, '_step': 906, '_timestamp': 1738215033.7218254, '_wandb': {'runtime': 741}, 'train/loss_all': 0.07901328802108765, 'train/loss_s': 0.08016247302293777, 'train/loss_x': 0.15398527681827545, 'train/loss_x_norm': 0.002892120974138379, 'train/mask_ratio': 0.8210429549217224}",unimatch_v2_wandb_wo_FA_normloss_dino_small
159,"{'_runtime': 744.540756929, '_step': 672, '_timestamp': 1738215038.7088645, '_wandb': {'runtime': 745}, 'train/loss_all': 0.01676980033516884, 'train/loss_s': 0.0025320446584373713, 'train/loss_x': 0.04087665677070618, 'train/loss_x_gradient': 0.006900694686919451, 'train/mask_ratio': 0.9364518523216248}",unimatch_v2_wandb_gradient_dino_large
160,"{'_runtime': 650.491787309, '_step': 791, '_timestamp': 1738214946.5968957, '_wandb': {'runtime': 650}, 'train/loss_all': 0.03393206745386124, 'train/loss_s': 0.01923217624425888, 'train/loss_x': 0.0796547383069992, 'train/loss_x_norm': 0.0029092885088175535, 'train/mask_ratio': 0.7938967943191528}",unimatch_v2_wandb_normloss_dino_large
161,"{'_runtime': 704.19595946, '_step': 875, '_timestamp': 1738215002.2069523, '_wandb': {'runtime': 704}, 'train/loss_all': 0.034925296902656555, 'train/loss_s': 0.01072034239768982, 'train/loss_x': 0.05913025140762329, 'train/mask_ratio': 0.7172826528549194}",unimatch_v2_wandb_wo_FA_dino_large
162,"{'_runtime': 589.995129168, '_step': 718, '_timestamp': 1738214889.190544, '_wandb': {'runtime': 589}, 'train/loss_all': 0.045039281249046326, 'train/loss_s': 0.048876456916332245, 'train/loss_x': 0.08330337703227997, 'train/loss_x_norm': 0.0029380107298493385, 'train/mask_ratio': 0.5593390464782715}",unimatch_v2_wandb_wo_FA_normloss_dino_large
163,{},unimatch_v2_wandb_wo_FA_gradient_dino_large
164,"{'_runtime': 345.259872751, '_step': 421, '_timestamp': 1738215643.541657, '_wandb': {'runtime': 345}, 'train/loss_all': 0.030011940747499462, 'train/loss_s': 0.005187622271478176, 'train/loss_x': 0.05483625829219818, 'train/mask_ratio': 0.7267475128173828}",unimatch_v2_wandb_dino_large
165,"{'_runtime': 563.744233645, '_step': 499, '_timestamp': 1738215861.590268, '_wandb': {'runtime': 564}, 'train/loss_all': 0.016924263909459114, 'train/loss_s': 0.0016145831905305386, 'train/loss_x': 0.04025454446673393, 'train/loss_x_gradient': 0.008903664536774158, 'train/mask_ratio': 0.5669482946395874}",unimatch_v2_wandb_wo_FA_gradient_dino_large
166,"{'_runtime': 376.342784864, '_step': 459, '_timestamp': 1738215676.444533, '_wandb': {'runtime': 377}, 'train/loss_all': 0.03029540181159973, 'train/loss_s': 0.005260853096842766, 'train/loss_x': 0.0827258750796318, 'train/loss_x_norm': 0.0028994791209697723, 'train/mask_ratio': 0.6463270783424377}",unimatch_v2_wandb_normloss_dino_large
167,"{'_runtime': 43.508119803, '_step': 38, '_timestamp': 1738215346.2457452, '_wandb': {'runtime': 44}, 'train/loss_all': 0.3325013220310211, 'train/loss_s': 0.0019370936788618565, 'train/loss_x': 0.992591917514801, 'train/loss_x_norm': 0.002974908333271742, 'train/mask_ratio': 0.17881883680820465}",unimatch_v2_wandb_normloss_dino_large
168,{},unimatch_v2_wandb_dino_large
169,{},unimatch_v2_wandb_wo_FA_dino_small
170,"{'_runtime': 129419.091616567, '_step': 157379, '_timestamp': 1738345157.9900842, '_wandb': {'runtime': 129420}, 'eval/mIoU': 83.54931966095938, 'eval/mIoU_ema': 83.54869285175789, 'train/loss_all': 0.00850757583975792, 'train/loss_s': 0.01783706620335579, 'train/loss_x': 0.005339323543012142, 'train/loss_x_norm': 0.002346338704228401, 'train/mask_ratio': 0.98492032289505}",unimatch_v2_wandb_wo_FA_normloss_dino_large
171,"{'_runtime': 129210.127817326, '_step': 157379, '_timestamp': 1738344960.311072, '_wandb': {'runtime': 129211}, 'eval/mIoU': 81.19797666561173, 'eval/mIoU_ema': 81.19128725605938, 'train/loss_all': 0.020685387775301933, 'train/loss_s': 0.05567259341478348, 'train/loss_x': 0.003759540850296617, 'train/loss_x_norm': 0.0026240274310112, 'train/mask_ratio': 0.9617948532104492}",unimatch_v2_wandb_wo_FA_normloss_dino_small
172,"{'_runtime': 350.403132925, '_step': 306, '_timestamp': 1738216496.501058, '_wandb': {'runtime': 350}, 'train/loss_all': 0.04596398025751114, 'train/loss_s': 0.0007163889822550118, 'train/loss_x': 0.12432904541492462, 'train/loss_x_gradient': 0.012846496887505054, 'train/mask_ratio': 0.48749664425849915}",unimatch_v2_wandb_wo_FA_gradient_dino_large
173,"{'_runtime': 284.65492838, '_step': 344, '_timestamp': 1738216431.3361857, '_wandb': {'runtime': 285}, 'train/loss_all': 0.018237506970763206, 'train/loss_s': 0.0006157578318379819, 'train/loss_x': 0.035859256982803345, 'train/mask_ratio': 0.34276729822158813}",unimatch_v2_wandb_dino_large
174,"{'_runtime': 710.321103206, '_step': 643, '_timestamp': 1738216859.6188269, '_wandb': {'runtime': 710}, 'train/loss_all': 0.02973128855228424, 'train/loss_s': 0.005861579906195402, 'train/loss_x': 0.07429433614015579, 'train/loss_x_gradient': 0.009037948213517666, 'train/mask_ratio': 0.7262535691261292}",unimatch_v2_wandb_wo_FA_gradient_dino_large
175,{},unimatch_v2_wandb_wo_FA_normloss_dino_large
176,"{'_runtime': 926.03026491, '_step': 1135, '_timestamp': 1738217078.8031, '_wandb': {'runtime': 926}, 'train/loss_all': 0.05895455181598663, 'train/loss_s': 0.06071590632200241, 'train/loss_x': 0.05719319358468056, 'train/mask_ratio': 0.8732143044471741}",unimatch_v2_wandb_dino_large
177,"{'_runtime': 492.781169315, '_step': 622, '_timestamp': 1738216719.9787242, '_wandb': {'runtime': 493}, 'train/loss_all': 0.06298878788948059, 'train/loss_s': 0.06949535012245178, 'train/loss_x': 0.0564822182059288, 'train/mask_ratio': 0.7344436645507812}",unimatch_v2_wandb_wo_FA_dino_small
178,"{'_runtime': 41793.037583631, '_step': 37668, '_timestamp': 1738259166.460546, '_wandb': {'runtime': 41794}, 'eval/mIoU': 75.46139456193026, 'eval/mIoU_ema': 75.34673335889526, 'train/loss_all': 0.01029478944838047, 'train/loss_s': 0.023574348539114, 'train/loss_x': 0.004261086694896221, 'train/loss_x_gradient': 0.0030489317141473293, 'train/mask_ratio': 0.8704118728637695}",unimatch_v2_wandb_wo_FA_gradient_dino_large
179,"{'_runtime': 42170.124243005, '_step': 51236, '_timestamp': 1738259542.9787335, '_wandb': {'runtime': 42170}, 'eval/mIoU': 79.85127784839658, 'eval/mIoU_ema': 80.41506951983672, 'train/loss_all': 0.010512575507164, 'train/loss_s': 0.0192855354398489, 'train/loss_x': 0.001739616389386356, 'train/mask_ratio': 0.950560748577118}",unimatch_v2_wandb_dino_large
180,"{'_runtime': 42149.802569908, '_step': 37465, '_timestamp': 1738259526.796137, '_wandb': {'runtime': 42149}, 'eval/mIoU': 76.13342281932908, 'eval/mIoU_ema': 76.31849027932034, 'train/loss_all': 0.021442703902721405, 'train/loss_s': 0.059097349643707275, 'train/loss_x': 0.003671875922009349, 'train/loss_x_gradient': 0.0015588877722620964, 'train/mask_ratio': 0.6688514351844788}",unimatch_v2_wandb_gradient_dino_large
181,"{'_runtime': 42158.743858828, '_step': 50854, '_timestamp': 1738259537.5895317, '_wandb': {'runtime': 42159}, 'eval/mIoU': 81.75391125159118, 'eval/mIoU_ema': 82.84697979237518, 'train/loss_all': 0.03379710018634796, 'train/loss_s': 0.0943875014781952, 'train/loss_x': 0.004387269262224436, 'train/loss_x_norm': 0.002616530517116189, 'train/mask_ratio': 0.9217821955680848}",unimatch_v2_wandb_wo_FA_normloss_dino_large
182,"{'_runtime': 41963.678473867, '_step': 50396, '_timestamp': 1738259345.2008724, '_wandb': {'runtime': 41964}, 'eval/mIoU': 77.44232178543253, 'eval/mIoU_ema': 77.58594155944247, 'train/loss_all': 0.006735862698405981, 'train/loss_s': 0.010976764373481274, 'train/loss_x': 0.006525582168251276, 'train/loss_x_norm': 0.0027052401565015316, 'train/mask_ratio': 0.9524490833282472}",unimatch_v2_wandb_normloss_dino_large
183,"{'_runtime': 42130.027291264, '_step': 51390, '_timestamp': 1738259521.436307, '_wandb': {'runtime': 42130}, 'eval/mIoU': 82.74293001323767, 'eval/mIoU_ema': 82.41052656426292, 'train/loss_all': 0.02143050730228424, 'train/loss_s': 0.05911415070295334, 'train/loss_x': 0.002471168991178274, 'train/loss_x_norm': 0.002706204075366258, 'train/mask_ratio': 0.97564435005188}",unimatch_v2_wandb_normloss_dino_large
184,"{'_runtime': 129919.941938056, '_step': 157379, '_timestamp': 1738354891.1979797, '_wandb': {'runtime': 129920}, 'eval/mIoU': 82.17094717168466, 'eval/mIoU_ema': 82.16961725651628, 'train/loss_all': 0.036357488483190536, 'train/loss_s': 0.07001443952322006, 'train/loss_x': 0.0027005404699593782, 'train/mask_ratio': 0.9755862951278688}",unimatch_v2_wandb_wo_FA_dino_small
185,"{'_runtime': 101651.68165335, '_step': 121895, '_timestamp': 1738354181.2984614, '_wandb': {'runtime': 101652}, 'eval/mIoU': 83.33517745250725, 'eval/mIoU_ema': 83.4080450697691, 'train/loss_all': 0.017049668356776237, 'train/loss_s': 0.032198578119277954, 'train/loss_x': 0.0019007568480446937, 'train/mask_ratio': 0.967000424861908}",unimatch_v2_wandb_wo_FA_dino_large
186,"{'_runtime': 126551.869709723, '_step': 157379, '_timestamp': 1738382376.5910585, '_wandb': {'runtime': 126552}, 'eval/mIoU': 82.03558616177513, 'eval/mIoU_ema': 82.03216088478038, 'train/loss_all': 0.033638082444667816, 'train/loss_s': 0.09614542871713638, 'train/loss_x': 0.002167658181861043, 'train/loss_x_norm': 0.002601149957627058, 'train/mask_ratio': 0.9146548509597778}",unimatch_v2_wandb_wo_FA_normloss_dino_large
187,"{'_runtime': 163.676819206, '_step': 190, '_timestamp': 1738260050.1018095, '_wandb': {'runtime': 164}, 'train/loss_all': 0.05573204904794693, 'train/loss_s': 0.009501988068223, 'train/loss_x': 0.101962111890316, 'train/mask_ratio': 0.5989082455635071}",unimatch_v2_wandb_dino_large
188,"{'_runtime': 975.591687714, '_step': 1190, '_timestamp': 1738261909.8668644, '_wandb': {'runtime': 976}, 'train/loss_all': 0.036370933055877686, 'train/loss_s': 0.06374496966600418, 'train/loss_x': 0.042463917285203934, 'train/loss_x_norm': 0.002903907559812069, 'train/mask_ratio': 0.7117661833763123}",unimatch_v2_wandb_normloss_dino_large
189,"{'_runtime': 24200.430631935, '_step': 28998, '_timestamp': 1738286373.0311704, '_wandb': {'runtime': 24200}, 'eval/mIoU': 81.21402632441203, 'eval/mIoU_ema': 82.22188249126546, 'train/loss_all': 0.01232234202325344, 'train/loss_s': 0.015334436669945717, 'train/loss_x': 0.01899098977446556, 'train/loss_x_norm': 0.0026415977627038956, 'train/mask_ratio': 0.9524630308151244}",unimatch_v2_wandb_wo_FA_normloss_dino_large
190,"{'_runtime': 24116.958544069, '_step': 29494, '_timestamp': 1738286292.472043, '_wandb': {'runtime': 24117}, 'eval/mIoU': 79.05662964515555, 'eval/mIoU_ema': 79.68654831447199, 'train/loss_all': 0.07541247457265854, 'train/loss_s': 0.1358959823846817, 'train/loss_x': 0.014928971417248247, 'train/mask_ratio': 0.981069803237915}",unimatch_v2_wandb_dino_large
191,"{'_runtime': 22873.280949181, '_step': 28051, '_timestamp': 1738285050.781392, '_wandb': {'runtime': 22874}, 'eval/mIoU': 81.21589991372177, 'eval/mIoU_ema': 81.79017943382338, 'train/loss_all': 0.014283411204814913, 'train/loss_s': 0.023326659575104713, 'train/loss_x': 0.005240162368863821, 'train/mask_ratio': 0.8367875814437866}",unimatch_v2_wandb_dino_large
192,"{'_runtime': 24186.475289961, '_step': 29075, '_timestamp': 1738286366.6421995, '_wandb': {'runtime': 24187}, 'eval/mIoU': 78.72859727006654, 'eval/mIoU_ema': 79.26110940355504, 'train/loss_all': 0.0531696155667305, 'train/loss_s': 0.15480269491672516, 'train/loss_x': 0.0020576859824359417, 'train/loss_x_norm': 0.0026484644040465355, 'train/mask_ratio': 0.9436464905738832}",unimatch_v2_wandb_normloss_dino_large
193,"{'_runtime': 23070.807514302, '_step': 20602, '_timestamp': 1738285251.9657533, '_wandb': {'runtime': 23071}, 'eval/mIoU': 78.2038754752499, 'eval/mIoU_ema': 79.89451210520153, 'train/loss_all': 0.07735716551542282, 'train/loss_s': 0.21232646703720093, 'train/loss_x': 0.018507560715079308, 'train/loss_x_gradient': 0.0012374642537906766, 'train/mask_ratio': 0.9499701261520386}",unimatch_v2_wandb_wo_FA_gradient_dino_large
194,"{'_runtime': 23591.123206552, '_step': 28610, '_timestamp': 1738285782.7902985, '_wandb': {'runtime': 23591}, 'eval/mIoU': 77.21935652499499, 'eval/mIoU_ema': 78.52790407850809, 'train/loss_all': 0.046549241989851, 'train/loss_s': 0.1256941854953766, 'train/loss_x': 0.01125136949121952, 'train/loss_x_norm': 0.0027021595742553473, 'train/mask_ratio': 0.9178358316421508}",unimatch_v2_wandb_normloss_dino_large
195,"{'_runtime': 88276.445271105, '_step': 105063, '_timestamp': 1738354177.1008134, '_wandb': {'runtime': 88277}, 'eval/mIoU': 82.53410255339497, 'eval/mIoU_ema': 82.77551108703457, 'train/loss_all': 0.008102540858089924, 'train/loss_s': 0.017738506197929382, 'train/loss_x': 0.003958917688578367, 'train/loss_x_norm': 0.00261019729077816, 'train/mask_ratio': 0.9826351404190063}",unimatch_v2_wandb_normloss_dino_large
196,"{'_runtime': 172884.89000512, '_step': 157379, '_timestamp': 1738441904.9861865, '_wandb': {'runtime': 172886}, 'eval/mIoU': 83.73844043250806, 'eval/mIoU_ema': 83.73545545925137, 'train/loss_all': 0.008186250925064087, 'train/loss_s': 0.0213623084127903, 'train/loss_x': 0.002589698415249586, 'train/loss_x_gradient': 0.0006067446083761752, 'train/mask_ratio': 0.9621982574462892}",unimatch_v2_wandb_gradient_dino_large
197,"{'_runtime': 129942.327676161, '_step': 157379, '_timestamp': 1738416525.443025, '_wandb': {'runtime': 129943}, 'eval/mIoU': 82.21534454555906, 'eval/mIoU_ema': 82.21363524112469, 'train/loss_all': 0.02069669589400291, 'train/loss_s': 0.05617227405309677, 'train/loss_x': 0.0034845308400690556, 'train/loss_x_norm': 0.0024332839529961348, 'train/mask_ratio': 0.9866217374801636}",unimatch_v2_wandb_wo_FA_normloss_dino_large
198,"{'_runtime': 130480.503866567, '_step': 157379, '_timestamp': 1738417069.051592, '_wandb': {'runtime': 130481}, 'eval/mIoU': 81.66565084663848, 'eval/mIoU_ema': 81.66262775929437, 'train/loss_all': 0.018584072589874268, 'train/loss_s': 0.03408023715019226, 'train/loss_x': 0.003087908728048206, 'train/mask_ratio': 0.9288628101348876}",unimatch_v2_wandb_dino_large
199,"{'_runtime': 41644.457844892, '_step': 50167, '_timestamp': 1738328298.5885143, '_wandb': {'runtime': 41645}, 'eval/mIoU': 79.26807673022915, 'eval/mIoU_ema': 78.96331482389081, 'train/loss_all': 0.024850033223629, 'train/loss_s': 0.06873162090778351, 'train/loss_x': 0.0031641165260225534, 'train/loss_x_norm': 0.002654362004250288, 'train/mask_ratio': 0.9664198756217957}",unimatch_v2_wandb_normloss_dino_large
200,"{'_runtime': 41580.690154062, '_step': 49927, '_timestamp': 1738328265.8567643, '_wandb': {'runtime': 41580}, 'eval/mIoU': 82.2660510679819, 'eval/mIoU_ema': 82.33635080869169, 'train/loss_all': 0.020823121070861816, 'train/loss_s': 0.05330560356378555, 'train/loss_x': 0.006508408579975367, 'train/loss_x_norm': 0.0026553506031632423, 'train/mask_ratio': 0.9660671353340148}",unimatch_v2_wandb_normloss_dino_large
201,"{'_runtime': 41600.303470227, '_step': 50271, '_timestamp': 1738328287.8721058, '_wandb': {'runtime': 41600}, 'eval/mIoU': 81.60759047716023, 'eval/mIoU_ema': 82.10858759873737, 'train/loss_all': 0.03254255652427673, 'train/loss_s': 0.05625854432582855, 'train/loss_x': 0.008826572448015213, 'train/mask_ratio': 0.9219750165939332}",unimatch_v2_wandb_dino_large
202,"{'_runtime': 41549.84748008, '_step': 37108, '_timestamp': 1738328239.166764, '_wandb': {'runtime': 41549}, 'eval/mIoU': 81.81257443382424, 'eval/mIoU_ema': 82.86656584125924, 'train/loss_all': 0.09144739806652068, 'train/loss_s': 0.27132973074913025, 'train/loss_x': 0.001600042451173067, 'train/loss_x_gradient': 0.00141241867095232, 'train/mask_ratio': 0.9503100514411926}",unimatch_v2_wandb_wo_FA_gradient_dino_large
203,"{'_runtime': 25677.589286534, '_step': 31588, '_timestamp': 1738354194.842991, '_wandb': {'runtime': 25678}, 'eval/mIoU': 77.60200260167544, 'eval/mIoU_ema': 79.24199035250824, 'train/loss_all': 0.11262915283441544, 'train/loss_s': 0.2190176546573639, 'train/loss_x': 0.006240647751837969, 'train/mask_ratio': 0.8727648854255676}",unimatch_v2_wandb_dino_large
204,"{'_runtime': 34190.185854509, '_step': 42194, '_timestamp': 1738362708.8117049, '_wandb': {'runtime': 34190}, 'eval/mIoU': 76.85071528882892, 'eval/mIoU_ema': 78.31616944075024, 'train/loss_all': 0.013778328895568848, 'train/loss_s': 0.029384896159172055, 'train/loss_x': 0.009278842248022556, 'train/loss_x_norm': 0.002671248279511929, 'train/mask_ratio': 0.9675207138061525}",unimatch_v2_wandb_normloss_dino_large
205,"{'_runtime': 131235.51414719, '_step': 157379, '_timestamp': 1738459756.3830771, '_wandb': {'runtime': 131236}, 'eval/mIoU': 81.72385834930145, 'eval/mIoU_ema': 81.71034265198222, 'train/loss_all': 0.04004292190074921, 'train/loss_s': 0.1147533655166626, 'train/loss_x': 0.0028291698545217514, 'train/loss_x_norm': 0.00254623219370842, 'train/mask_ratio': 0.9833825826644896}",unimatch_v2_wandb_normloss_dino_large
206,"{'_runtime': 176634.240904016, '_step': 157379, '_timestamp': 1738530859.4188623, '_wandb': {'runtime': 176635}, 'eval/mIoU': 83.06097260180427, 'eval/mIoU_ema': 83.05812310304435, 'train/loss_all': 0.002788536250591278, 'train/loss_s': 0.004866281058639288, 'train/loss_x': 0.002746308920904994, 'train/loss_x_gradient': 0.0008276671287603676, 'train/loss_x_norm': 0.0027138879522681236, 'train/mask_ratio': 0.9824787378311156}",unimatch_v2_wandb_normloss_gradient_dino_base
207,"{'_runtime': 176983.868894779, '_step': 157379, '_timestamp': 1738531274.4006991, '_wandb': {'runtime': 176985}, 'eval/mIoU': 84.28932254014926, 'eval/mIoU_ema': 84.28350859522054, 'train/loss_all': 0.010598331689834596, 'train/loss_s': 0.02876424230635166, 'train/loss_x': 0.0025020453613251448, 'train/loss_x_gradient': 0.0005287056555971503, 'train/mask_ratio': 0.9802852869033812}",unimatch_v2_wandb_wo_FA_gradient_dino_large
208,"{'_runtime': 131718.422306182, '_step': 157379, '_timestamp': 1738486014.817872, '_wandb': {'runtime': 131719}, 'eval/mIoU': 76.6204912304838, 'eval/mIoU_ema': 76.61107050692267, 'train/loss_all': 0.020932046696543697, 'train/loss_s': 0.04011562094092369, 'train/loss_x': 0.0017484722193330526, 'train/mask_ratio': 0.9487960934638976}",unimatch_v2_wandb_wo_FA_dino_large
209,"{'_runtime': 129903.745857738, '_step': 157379, '_timestamp': 1738484436.7760916, '_wandb': {'runtime': 129904}, 'eval/mIoU': 74.06959000401773, 'eval/mIoU_ema': 74.06356258344829, 'train/loss_all': 0.0388665497303009, 'train/loss_s': 0.1110902577638626, 'train/loss_x': 0.002950109774246812, 'train/loss_x_norm': 0.002559281885623932, 'train/mask_ratio': 0.9712061882019044}",unimatch_v2_wandb_normloss_dino_large
210,"{'_runtime': 129818.433803696, '_step': 157379, '_timestamp': 1738484353.1104157, '_wandb': {'runtime': 129819}, 'eval/mIoU': 77.91505468847338, 'eval/mIoU_ema': 77.91613583885814, 'train/loss_all': 0.014663486741483212, 'train/loss_s': 0.027490045875310894, 'train/loss_x': 0.0018369273748248816, 'train/mask_ratio': 0.9796584844589232}",unimatch_v2_wandb_dino_large
211,"{'_runtime': 130833.118058329, '_step': 157379, '_timestamp': 1738493875.893403, '_wandb': {'runtime': 130834}, 'eval/mIoU': 83.67082955457562, 'eval/mIoU_ema': 83.67457569374662, 'train/loss_all': 0.0410437285900116, 'train/loss_s': 0.11840412020683289, 'train/loss_x': 0.0021570678800344467, 'train/loss_x_norm': 0.002569996984675526, 'train/mask_ratio': 0.9845417141914368}",unimatch_v2_wandb_normloss_dino_large
